symbol,size,section,object_file,source_module,address
CommandService_Process,2324,.text.CommandService_Process,CMakeFiles/MotionEdge-F103.dir/Services/command_service.c.obj,Services/command_service.c,0x0800BD38
HAL_RCC_OscConfig,1040,.text.HAL_RCC_OscConfig,cmake/stm32cubemx/CMakeFiles/STM32_Drivers.dir/__/__/Drivers/STM32F1xx_HAL_Driver/Src/stm32f1xx_hal_rcc.c.obj,Drivers/STM32F1xx_HAL_Driver/Src/stm32f1xx_hal_rcc.c,0x08001064
HAL_I2C_Mem_Read,852,.text.HAL_I2C_Mem_Read,cmake/stm32cubemx/CMakeFiles/STM32_Drivers.dir/__/__/Drivers/STM32F1xx_HAL_Driver/Src/stm32f1xx_hal_i2c.c.obj,Drivers/STM32F1xx_HAL_Driver/Src/stm32f1xx_hal_i2c.c,0x08002914
__udivmoddi4,754,.text.__udivmoddi4,C:/PROGRA~2/ARMGNU~1/14EFD8~1.2RE/bin/../lib/gcc/arm-none-eabi/14.2.1/thumb/v7-m/nofp/libgcc.a(_udivmoddi4.o),C:/PROGRA~2/ARMGNU~1/14EFD8~1.2RE/bin/../lib/gcc/arm-none-eabi/14.2.1/thumb/v7-m/nofp/libgcc.a(_udivmoddi4.o),0x0800DDE4
ControlService_Update,752,.text.ControlService_Update,CMakeFiles/MotionEdge-F103.dir/Services/control_service.c.obj,Services/control_service.c,0x0800D558
PidController_IsConfigValid,728,.text.PidController_IsConfigValid,CMakeFiles/MotionEdge-F103.dir/Algorithms/pid_controller.c.obj,Algorithms/pid_controller.c,0x08006C30
PidController_Update,684,.text.PidController_Update,CMakeFiles/MotionEdge-F103.dir/Algorithms/pid_controller.c.obj,Algorithms/pid_controller.c,0x08006FD0
HAL_UART_IRQHandler,644,.text.HAL_UART_IRQHandler,cmake/stm32cubemx/CMakeFiles/STM32_Drivers.dir/__/__/Drivers/STM32F1xx_HAL_Driver/Src/stm32f1xx_hal_uart.c.obj,Drivers/STM32F1xx_HAL_Driver/Src/stm32f1xx_hal_uart.c,0x08003284
_printf_i,576,.text._printf_i,C:/PROGRA~2/ARMGNU~1/14EFD8~1.2RE/bin/../lib/gcc/arm-none-eabi/14.2.1/thumb/v7-m/nofp/libg_nano.a(libc_a-nano-vfprintf_i.o),C:/PROGRA~2/ARMGNU~1/14EFD8~1.2RE/bin/../lib/gcc/arm-none-eabi/14.2.1/thumb/v7-m/nofp/libg_nano.a(libc_a-nano-vfprintf_i.o),0x0800E7C8
atanf,556,.text.atanf,C:/PROGRA~2/ARMGNU~1/14EFD8~1.2RE/bin/../lib/gcc/arm-none-eabi/14.2.1/thumb/v7-m/nofp/libm.a(libm_a-sf_atan.o),C:/PROGRA~2/ARMGNU~1/14EFD8~1.2RE/bin/../lib/gcc/arm-none-eabi/14.2.1/thumb/v7-m/nofp/libm.a(libm_a-sf_atan.o),0x0800DBB0
HAL_GPIO_Init,532,.text.HAL_GPIO_Init,cmake/stm32cubemx/CMakeFiles/STM32_Drivers.dir/__/__/Drivers/STM32F1xx_HAL_Driver/Src/stm32f1xx_hal_gpio.c.obj,Drivers/STM32F1xx_HAL_Driver/Src/stm32f1xx_hal_gpio.c,0x080016BC
MotionService_RunOnce,528,.text.MotionService_RunOnce,CMakeFiles/MotionEdge-F103.dir/Services/motion_service.c.obj,Services/motion_service.c,0x0800A55C
HealthTask,516,.text.HealthTask,CMakeFiles/MotionEdge-F103.dir/App/RTOS/rtos_tasks.c.obj,App/RTOS/rtos_tasks.c,0x08007FD0
_svfiprintf_r,504,.text._svfprintf_r,C:/PROGRA~2/ARMGNU~1/14EFD8~1.2RE/bin/../lib/gcc/arm-none-eabi/14.2.1/thumb/v7-m/nofp/libg_nano.a(libc_a-nano-svfprintf.o),C:/PROGRA~2/ARMGNU~1/14EFD8~1.2RE/bin/../lib/gcc/arm-none-eabi/14.2.1/thumb/v7-m/nofp/libg_nano.a(libc_a-nano-svfprintf.o),0x0800E4EC
_svfprintf_r,504,.text._svfprintf_r,C:/PROGRA~2/ARMGNU~1/14EFD8~1.2RE/bin/../lib/gcc/arm-none-eabi/14.2.1/thumb/v7-m/nofp/libg_nano.a(libc_a-nano-svfprintf.o),C:/PROGRA~2/ARMGNU~1/14EFD8~1.2RE/bin/../lib/gcc/arm-none-eabi/14.2.1/thumb/v7-m/nofp/libg_nano.a(libc_a-nano-svfprintf.o),0x0800E4EC
MotionService_ValidateSample,484,.text.MotionService_ValidateSample,CMakeFiles/MotionEdge-F103.dir/Services/motion_service.c.obj,Services/motion_service.c,0x0800A138
ConfigStore_Save,452,.text.ConfigStore_Save,CMakeFiles/MotionEdge-F103.dir/Services/config_store.c.obj,Services/config_store.c,0x0800B1B8
HAL_I2C_Init,444,.text.HAL_I2C_Init,cmake/stm32cubemx/CMakeFiles/STM32_Drivers.dir/__/__/Drivers/STM32F1xx_HAL_Driver/Src/stm32f1xx_hal_i2c.c.obj,Drivers/STM32F1xx_HAL_Driver/Src/stm32f1xx_hal_i2c.c,0x080025C4
xQueueSemaphoreTake,422,.text.xQueueSemaphoreTake,cmake/stm32cubemx/CMakeFiles/FreeRTOS.dir/__/__/Middlewares/Third_Party/FreeRTOS/Source/queue.c.obj,Middlewares/Third_Party/FreeRTOS/Source/queue.c,0x08003FB4
App_Init,396,.text.App_Init,CMakeFiles/MotionEdge-F103.dir/App/app_main.c.obj,App/app_main.c,0x08007A80
HAL_I2C_IsDeviceReady,396,.text.HAL_I2C_IsDeviceReady,cmake/stm32cubemx/CMakeFiles/STM32_Drivers.dir/__/__/Drivers/STM32F1xx_HAL_Driver/Src/stm32f1xx_hal_i2c.c.obj,Drivers/STM32F1xx_HAL_Driver/Src/stm32f1xx_hal_i2c.c,0x08002C68
xQueueGenericSend,392,.text.xQueueGenericSend,cmake/stm32cubemx/CMakeFiles/FreeRTOS.dir/__/__/Middlewares/Third_Party/FreeRTOS/Source/queue.c.obj,Middlewares/Third_Party/FreeRTOS/Source/queue.c,0x08003B74
RtosTasks_Create,388,.text.RtosTasks_Create,CMakeFiles/MotionEdge-F103.dir/App/RTOS/rtos_tasks.c.obj,App/RTOS/rtos_tasks.c,0x080083CC
TelemetryService_BuildControl,384,.text.TelemetryService_BuildControl,CMakeFiles/MotionEdge-F103.dir/Services/telemetry_service.c.obj,Services/telemetry_service.c,0x0800B9A6
App_CompleteI2cScan,372,.text.App_CompleteI2cScan,CMakeFiles/MotionEdge-F103.dir/App/app_main.c.obj,App/app_main.c,0x08007604
__aeabi_frsub,364,.text,C:/PROGRA~2/ARMGNU~1/14EFD8~1.2RE/bin/../lib/gcc/arm-none-eabi/14.2.1/thumb/v7-m/nofp/libgcc.a(_arm_addsubsf3.o),C:/PROGRA~2/ARMGNU~1/14EFD8~1.2RE/bin/../lib/gcc/arm-none-eabi/14.2.1/thumb/v7-m/nofp/libgcc.a(_arm_addsubsf3.o),0x08000110
CommunicationService_RunTelemetry,364,.text.CommunicationService_RunTelemetry,CMakeFiles/MotionEdge-F103.dir/Services/communication_service.c.obj,Services/communication_service.c,0x0800C75C
HAL_RCC_ClockConfig,364,.text.HAL_RCC_ClockConfig,cmake/stm32cubemx/CMakeFiles/STM32_Drivers.dir/__/__/Drivers/STM32F1xx_HAL_Driver/Src/stm32f1xx_hal_rcc.c.obj,Drivers/STM32F1xx_HAL_Driver/Src/stm32f1xx_hal_rcc.c,0x080014C8
__aeabi_fmul,360,.text,C:/PROGRA~2/ARMGNU~1/14EFD8~1.2RE/bin/../lib/gcc/arm-none-eabi/14.2.1/thumb/v7-m/nofp/libgcc.a(_arm_muldivsf3.o),C:/PROGRA~2/ARMGNU~1/14EFD8~1.2RE/bin/../lib/gcc/arm-none-eabi/14.2.1/thumb/v7-m/nofp/libgcc.a(_arm_muldivsf3.o),0x0800032C
__mulsf3,360,.text,C:/PROGRA~2/ARMGNU~1/14EFD8~1.2RE/bin/../lib/gcc/arm-none-eabi/14.2.1/thumb/v7-m/nofp/libgcc.a(_arm_muldivsf3.o),C:/PROGRA~2/ARMGNU~1/14EFD8~1.2RE/bin/../lib/gcc/arm-none-eabi/14.2.1/thumb/v7-m/nofp/libgcc.a(_arm_muldivsf3.o),0x0800032C
