metric,json_value
count,18003
warmup_samples,600
sequence,"{""count"": 18003, ""duplicates"": 0, ""regressions"": 0, ""gaps"": 0, ""continuous"": true}"
roll,"{""initial_60s_mean"": 0.40058333333333335, ""final_60s_mean"": 0.39071666666666666, ""total_drift"": -0.00986666666666669, ""max_deviation"": 0.10058333333333336, ""slope_deg_per_min"": -0.000820948488333434}"
pitch,"{""initial_60s_mean"": 0.36433333333333334, ""final_60s_mean"": 0.33365, ""total_drift"": -0.03068333333333334, ""max_deviation"": 0.08433333333333332, ""slope_deg_per_min"": -0.0007507029525550235}"
five_minute_windows,"[{""start_min"": 0, ""roll_mean"": 0.40365333333333336, ""pitch_mean"": 0.35873333333333335}, {""start_min"": 5, ""roll_mean"": 0.3854433333333333, ""pitch_mean"": 0.35457333333333335}, {""start_min"": 10, ""roll_mean"": 0.37065333333333333, ""pitch_mean"": 0.34886666666666666}, {""start_min"": 15, ""roll_mean"": 0.37007, ""pitch_mean"": 0.35369666666666666}, {""start_min"": 20, ""roll_mean"": 0.37347, ""pitch_mean"": 0.34063333333333334}, {""start_min"": 25, ""roll_mean"": 0.3858343736995422, ""pitch_mean"": 0.33969621306699954}]"
accel_magnitude_mg,"{""count"": 17403, ""mean"": 999.2263570661452, ""stddev"": 1.394054832248346, ""min"": 990.1020149459348, ""max"": 1023.0244376357781, ""peak_to_peak"": 32.9224226898433, ""median"": 999.0445435514875, ""mad"": 0.9979555454258389, ""p2_5"": 997.030591306004, ""p97_5"": 1002.0424142719709}"
gyro_mdps,"{""x"": {""count"": 17403, ""mean"": -11.977245302534046, ""stddev"": 50.22259209748129, ""min"": -1236.0, ""max"": 846.0, ""peak_to_peak"": 2082.0, ""median"": -12.0, ""mad"": 29.0, ""p2_5"": -98.0, ""p97_5"": 75.0}, ""y"": {""count"": 17403, ""mean"": -16.751364707234384, ""stddev"": 51.53172336078393, ""min"": -639.0, ""max"": 918.0, ""peak_to_peak"": 1557.0, ""median"": -17.0, ""mad"": 33.0, ""p2_5"": -114.0, ""p97_5"": 80.0}, ""z"": {""count"": 17403, ""mean"": 24.390277538355456, ""stddev"": 42.99139630221635, ""min"": -146.0, ""max"": 202.0, ""peak_to_peak"": 348.0, ""median"": 25.0, ""mad"": 29.0, ""p2_5"": -60.0, ""p97_5"": 107.0}}"
temperature,"""NOT_AVAILABLE_IN_PROTOCOL"""
