experiment,host_monotonic_ns,device_timestamp_ms,axis,roll_deg,pitch_deg,relative_angle_deg,effective_error_deg,p_us,i_us,d_us,output_us,actual_pwm_us,saturated,in_deadband,mode
P_ONLY,30784841650800,889400,PITCH,-0.61,-1.24,0.02,0.0,0.0,0.0,0.0,0,1500,0,1,PID_ATTITUDE
P_ONLY,30784935063200,889500,PITCH,-0.6,-1.22,0.03,0.0,0.0,0.0,0.0,0,1500,0,1,PID_ATTITUDE
P_ONLY,30785028345300,889600,PITCH,-0.59,-1.23,0.02,0.0,0.0,0.0,0.0,0,1500,0,1,PID_ATTITUDE
P_ONLY,30785136714100,889700,PITCH,-0.58,-1.24,0.02,0.0,0.0,0.0,0.0,0,1500,0,1,PID_ATTITUDE
P_ONLY,30785230528400,889800,PITCH,-0.57,-1.23,0.02,0.0,0.0,0.0,0.0,0,1500,0,1,PID_ATTITUDE
P_ONLY,30785338764200,889900,PITCH,-0.57,-1.24,0.01,0.0,0.0,0.0,0.0,0,1500,0,1,PID_ATTITUDE
P_ONLY,30785431311200,890000,PITCH,-0.57,-1.24,0.01,0.0,0.0,0.0,0.0,0,1500,0,1,PID_ATTITUDE
P_ONLY,30785541210900,890100,PITCH,-0.58,-1.24,0.01,0.0,0.0,0.0,0.0,0,1500,0,1,PID_ATTITUDE
P_ONLY,30785581091800,890200,PITCH,-0.57,-1.25,0.0,0.0,0.0,0.0,0.0,0,1500,0,1,PID_ATTITUDE
P_ONLY,30785741049200,890300,PITCH,-0.58,-1.25,0.0,0.0,0.0,0.0,0.0,0,1500,0,1,PID_ATTITUDE
P_ONLY,30785834642400,890400,PITCH,-0.58,-1.25,0.0,0.0,0.0,0.0,0.0,0,1500,0,1,PID_ATTITUDE
P_ONLY,30785928988000,890500,PITCH,-0.6,-1.24,0.01,0.0,0.0,0.0,0.0,0,1500,0,1,PID_ATTITUDE
P_ONLY,30786039172000,890600,PITCH,-0.59,-1.24,0.01,0.0,0.0,0.0,0.0,0,1500,0,1,PID_ATTITUDE
P_ONLY,30786131870700,890700,PITCH,-0.59,-1.24,0.01,0.0,0.0,0.0,0.0,0,1500,0,1,PID_ATTITUDE
P_ONLY,30786239425900,890800,PITCH,-0.6,-1.24,0.01,0.0,0.0,0.0,0.0,0,1500,0,1,PID_ATTITUDE
P_ONLY,30786330259600,890900,PITCH,-0.59,-1.24,0.02,0.0,0.0,0.0,0.0,0,1500,0,1,PID_ATTITUDE
P_ONLY,30786438367100,891000,PITCH,-0.25,-1.22,0.11,0.0,0.0,0.0,0.0,0,1500,0,1,PID_ATTITUDE
P_ONLY,30786530381400,891100,PITCH,-0.24,-1.32,-0.08,0.0,0.0,0.0,0.0,0,1500,0,1,PID_ATTITUDE
P_ONLY,30786581123800,891200,PITCH,0.31,-0.52,0.84,0.0,0.0,0.0,0.0,0,1500,0,1,PID_ATTITUDE
P_ONLY,30786733312600,891300,PITCH,0.83,-0.3,0.9,0.0,0.0,0.0,0.0,0,1500,0,1,PID_ATTITUDE
P_ONLY,30786841211500,891400,PITCH,0.47,-1.58,-0.65,0.0,0.0,0.0,0.0,0,1500,0,1,PID_ATTITUDE
P_ONLY,30786934052100,891500,PITCH,0.3,-7.55,-7.02,-7.02,-7.02,0.0,0.0,-7,1493,0,0,PID_ATTITUDE
P_ONLY,30787028073900,891600,PITCH,1.26,-13.35,-12.6,-12.6,-12.6,0.0,0.0,-10,1490,1,0,PID_ATTITUDE
P_ONLY,30787136247000,891700,PITCH,2.12,-18.48,-17.77,-17.77,-17.77,0.0,0.0,-10,1490,1,0,PID_ATTITUDE
P_ONLY,30787229586900,891800,PITCH,0.88,-24.01,-23.23,-23.23,-23.23,0.0,0.0,-10,1490,1,0,PID_ATTITUDE
P_ONLY,30787338771600,891900,PITCH,-0.2,-28.41,-27.64,-27.64,-27.64,0.0,0.0,-10,1490,1,0,PID_ATTITUDE
P_ONLY,30787432071600,892000,PITCH,0.04,-33.84,-33.17,-33.17,-33.17,0.0,0.0,-10,1490,1,0,PID_ATTITUDE
P_ONLY,30787539447300,892100,PITCH,0.47,-39.38,-38.42,-38.42,-38.42,0.0,0.0,-10,1490,1,0,PID_ATTITUDE
P_ONLY,30787581142200,892200,PITCH,0.67,-40.49,-39.26,-39.26,-39.26,0.0,0.0,-10,1490,1,0,PID_ATTITUDE
P_ONLY,30787727216900,892300,PITCH,0.64,-39.58,-37.88,-37.88,-37.88,0.0,0.0,-10,1490,1,0,PID_ATTITUDE
P_ONLY,30787836405700,892400,PITCH,-0.38,-33.09,-31.11,-31.11,-31.11,0.0,0.0,-10,1490,1,0,PID_ATTITUDE
P_ONLY,30787929286900,892500,PITCH,-1.27,-26.24,-24.4,-24.4,-24.4,0.0,0.0,-10,1490,1,0,PID_ATTITUDE
P_ONLY,30788039557200,892600,PITCH,-1.42,-19.66,-17.72,-17.72,-17.72,0.0,0.0,-10,1490,1,0,PID_ATTITUDE
P_ONLY,30788132692500,892700,PITCH,-1.53,-13.22,-11.38,-11.38,-11.38,0.0,0.0,-10,1490,1,0,PID_ATTITUDE
P_ONLY,30788241428900,892800,PITCH,-1.32,-7.69,-6.02,-6.02,-6.02,0.0,0.0,-6,1494,0,0,PID_ATTITUDE
P_ONLY,30788334822400,892900,PITCH,-1.2,-3.5,-1.83,-1.83,-1.83,0.0,0.0,-2,1498,0,0,PID_ATTITUDE
P_ONLY,30788537090400,893100,PITCH,-0.88,1.59,3.16,3.16,3.16,0.0,0.0,3,1503,0,0,PID_ATTITUDE
P_ONLY,30788630372300,893200,PITCH,-0.39,7.35,9.49,9.49,9.49,0.0,0.0,9,1509,0,0,PID_ATTITUDE
P_ONLY,30788680935400,893300,PITCH,-0.24,17.52,19.78,19.78,19.78,0.0,0.0,10,1510,1,0,PID_ATTITUDE
P_ONLY,30788832131000,893400,PITCH,-0.38,24.31,25.7,25.7,25.7,0.0,0.0,10,1510,1,0,PID_ATTITUDE
P_ONLY,30788939589200,893500,PITCH,-0.92,23.83,24.97,24.97,24.97,0.0,0.0,10,1510,1,0,PID_ATTITUDE
P_ONLY,30789032427400,893600,PITCH,-0.98,24.12,25.77,25.77,25.77,0.0,0.0,10,1510,1,0,PID_ATTITUDE
P_ONLY,30789139015500,893700,PITCH,-0.63,30.92,32.93,32.93,32.93,0.0,0.0,10,1510,1,0,PID_ATTITUDE
P_ONLY,30789234007600,893800,PITCH,-0.5,35.56,36.88,36.88,36.88,0.0,0.0,10,1510,1,0,PID_ATTITUDE
P_ONLY,30789327158100,893900,PITCH,-0.81,32.48,32.78,32.78,32.78,0.0,0.0,10,1510,1,0,PID_ATTITUDE
P_ONLY,30789435946600,894000,PITCH,-1.49,19.72,19.62,19.62,19.62,0.0,0.0,10,1510,1,0,PID_ATTITUDE
P_ONLY,30789529729200,894100,PITCH,-1.76,6.48,6.69,6.69,6.69,0.0,0.0,7,1507,0,0,PID_ATTITUDE
P_ONLY,30789638049900,894200,PITCH,-1.47,0.52,1.55,1.55,1.55,0.0,0.0,2,1502,0,0,PID_ATTITUDE
P_ONLY,30789780277000,894400,PITCH,-1.23,-0.66,0.59,0.0,0.0,0.0,0.0,0,1500,0,1,PID_ATTITUDE
P_ONLY,30789934320500,894500,PITCH,-1.09,-0.68,0.56,0.0,0.0,0.0,0.0,0,1500,0,1,PID_ATTITUDE
P_ONLY,30790028021400,894600,PITCH,-1.73,-1.01,0.25,0.0,0.0,0.0,0.0,0,1500,0,1,PID_ATTITUDE
P_ONLY,30790136010200,894700,PITCH,-6.2,-1.53,-0.38,0.0,0.0,0.0,0.0,0,1500,0,1,PID_ATTITUDE
P_ONLY,30790228645300,894800,PITCH,-13.77,-1.35,-0.05,0.0,0.0,0.0,0.0,0,1500,0,1,PID_ATTITUDE
P_ONLY,30790337013500,894900,PITCH,-19.32,-1.05,0.24,0.0,0.0,0.0,0.0,0,1500,0,1,PID_ATTITUDE
P_ONLY,30790430038900,895000,PITCH,-23.02,-0.68,0.62,0.0,0.0,0.0,0.0,0,1500,0,1,PID_ATTITUDE
P_ONLY,30790539712600,895100,PITCH,-22.64,-0.54,0.72,0.0,0.0,0.0,0.0,0,1500,0,1,PID_ATTITUDE
P_ONLY,30790633221100,895200,PITCH,-17.22,-0.68,0.52,0.0,0.0,0.0,0.0,0,1500,0,1,PID_ATTITUDE
P_ONLY,30790727169000,895300,PITCH,-10.98,-1.38,-0.19,0.0,0.0,0.0,0.0,0,1500,0,1,PID_ATTITUDE
P_ONLY,30790780327000,895400,PITCH,-5.63,-1.38,0.02,0.0,0.0,0.0,0.0,0,1500,0,1,PID_ATTITUDE
P_ONLY,30790929546600,895500,PITCH,-1.26,-0.68,0.58,0.0,0.0,0.0,0.0,0,1500,0,1,PID_ATTITUDE
P_ONLY,30791038402400,895600,PITCH,-0.73,-0.66,0.58,0.0,0.0,0.0,0.0,0,1500,0,1,PID_ATTITUDE
P_ONLY,30791131396600,895700,PITCH,-0.67,-0.71,0.54,0.0,0.0,0.0,0.0,0,1500,0,1,PID_ATTITUDE
P_ONLY,30791241300700,895800,PITCH,-0.59,-0.66,0.59,0.0,0.0,0.0,0.0,0,1500,0,1,PID_ATTITUDE
P_ONLY,30791335318700,895900,PITCH,-0.37,-0.64,0.61,0.0,0.0,0.0,0.0,0,1500,0,1,PID_ATTITUDE
P_ONLY,30791428159800,896000,PITCH,0.14,-0.66,0.56,0.0,0.0,0.0,0.0,0,1500,0,1,PID_ATTITUDE
P_ONLY,30791537095800,896100,PITCH,-0.18,-1.29,-0.03,0.0,0.0,0.0,0.0,0,1500,0,1,PID_ATTITUDE
P_ONLY,30791631295700,896200,PITCH,-0.2,-1.36,-0.17,0.0,0.0,0.0,0.0,0,1500,0,1,PID_ATTITUDE
P_ONLY,30791725602700,896300,PITCH,-0.67,-1.8,-0.42,0.0,0.0,0.0,0.0,0,1500,0,1,PID_ATTITUDE
P_ONLY,30791780212700,896400,PITCH,1.52,-1.16,-0.01,0.0,0.0,0.0,0.0,0,1500,0,1,PID_ATTITUDE
P_ONLY,30791940893400,896500,PITCH,7.61,-1.67,-0.37,0.0,0.0,0.0,0.0,0,1500,0,1,PID_ATTITUDE
P_ONLY,30792033592900,896600,PITCH,12.43,0.87,2.48,2.48,2.48,0.0,0.0,2,1502,0,0,PID_ATTITUDE
P_ONLY,30792127038800,896700,PITCH,14.5,3.17,4.5,4.5,4.5,0.0,0.0,5,1505,0,0,PID_ATTITUDE
P_ONLY,30792237311800,896800,PITCH,16.74,4.03,5.44,5.44,5.44,0.0,0.0,5,1505,0,0,PID_ATTITUDE
P_ONLY,30792330327000,896900,PITCH,15.24,4.45,5.61,5.61,5.61,0.0,0.0,6,1506,0,0,PID_ATTITUDE
P_ONLY,30792438750000,897000,PITCH,9.14,2.86,3.91,3.91,3.91,0.0,0.0,4,1504,0,0,PID_ATTITUDE
P_ONLY,30792533564200,897100,PITCH,3.22,0.86,1.91,1.91,1.91,0.0,0.0,2,1502,0,0,PID_ATTITUDE
P_ONLY,30792735783300,897300,PITCH,-1.36,-1.49,-0.19,0.0,0.0,0.0,0.0,0,1500,0,1,PID_ATTITUDE
P_ONLY,30792830311300,897400,PITCH,-0.78,-0.99,0.28,0.0,0.0,0.0,0.0,0,1500,0,1,PID_ATTITUDE
P_ONLY,30792879756200,897500,PITCH,-0.42,-0.8,0.46,0.0,0.0,0.0,0.0,0,1500,0,1,PID_ATTITUDE
P_ONLY,30793034522900,897600,PITCH,-0.34,-0.74,0.52,0.0,0.0,0.0,0.0,0,1500,0,1,PID_ATTITUDE
P_ONLY,30793128107500,897700,PITCH,-0.32,-0.73,0.52,0.0,0.0,0.0,0.0,0,1500,0,1,PID_ATTITUDE
P_ONLY,30793238472800,897800,PITCH,-0.3,-0.73,0.52,0.0,0.0,0.0,0.0,0,1500,0,1,PID_ATTITUDE
P_ONLY,30793331338400,897900,PITCH,-0.29,-0.72,0.53,0.0,0.0,0.0,0.0,0,1500,0,1,PID_ATTITUDE
P_ONLY,30793439371000,898000,PITCH,-0.28,-0.72,0.53,0.0,0.0,0.0,0.0,0,1500,0,1,PID_ATTITUDE
P_ONLY,30793532247400,898100,PITCH,-0.27,-0.72,0.53,0.0,0.0,0.0,0.0,0,1500,0,1,PID_ATTITUDE
P_ONLY,30793626246200,898200,PITCH,-0.27,-0.72,0.53,0.0,0.0,0.0,0.0,0,1500,0,1,PID_ATTITUDE
P_ONLY,30793734519900,898300,PITCH,-0.26,-0.72,0.53,0.0,0.0,0.0,0.0,0,1500,0,1,PID_ATTITUDE
P_ONLY,30793827048600,898400,PITCH,-0.27,-0.72,0.53,0.0,0.0,0.0,0.0,0,1500,0,1,PID_ATTITUDE
P_ONLY,30793879709600,898500,PITCH,-0.26,-0.73,0.52,0.0,0.0,0.0,0.0,0,1500,0,1,PID_ATTITUDE
P_ONLY,30794029715700,898600,PITCH,-0.27,-0.75,0.5,0.0,0.0,0.0,0.0,0,1500,0,1,PID_ATTITUDE
P_ONLY,30794137833300,898700,PITCH,-0.27,-0.75,0.49,0.0,0.0,0.0,0.0,0,1500,0,1,PID_ATTITUDE
P_ONLY,30794231655600,898800,PITCH,-0.27,-0.76,0.48,0.0,0.0,0.0,0.0,0,1500,0,1,PID_ATTITUDE
P_ONLY,30794325818000,898900,PITCH,-0.28,-0.77,0.48,0.0,0.0,0.0,0.0,0,1500,0,1,PID_ATTITUDE
P_ONLY,30794434174000,899000,PITCH,-0.28,-0.77,0.48,0.0,0.0,0.0,0.0,0,1500,0,1,PID_ATTITUDE
P_ONLY,30794528606800,899100,PITCH,-0.27,-0.77,0.49,0.0,0.0,0.0,0.0,0,1500,0,1,PID_ATTITUDE
P_ONLY,30794638726300,899200,PITCH,-0.26,-0.76,0.48,0.0,0.0,0.0,0.0,0,1500,0,1,PID_ATTITUDE
P_ONLY,30794731050900,899300,PITCH,-0.27,-0.77,0.48,0.0,0.0,0.0,0.0,0,1500,0,1,PID_ATTITUDE
P_ONLY,30794838506500,899400,PITCH,-0.28,-0.76,0.49,0.0,0.0,0.0,0.0,0,1500,0,1,PID_ATTITUDE
P_ONLY,30794879552000,899500,PITCH,-0.28,-0.76,0.49,0.0,0.0,0.0,0.0,0,1500,0,1,PID_ATTITUDE
P_ONLY,30795037306600,899600,PITCH,-0.28,-0.75,0.5,0.0,0.0,0.0,0.0,0,1500,0,1,PID_ATTITUDE
P_ONLY,30795130843000,899700,PITCH,-0.28,-0.75,0.49,0.0,0.0,0.0,0.0,0,1500,0,1,PID_ATTITUDE
P_ONLY,30795238262200,899800,PITCH,-0.26,-0.77,0.48,0.0,0.0,0.0,0.0,0,1500,0,1,PID_ATTITUDE
P_ONLY,30795332049400,899900,PITCH,-0.26,-0.78,0.47,0.0,0.0,0.0,0.0,0,1500,0,1,PID_ATTITUDE
P_ONLY,30795439483400,900000,PITCH,-0.27,-0.77,0.48,0.0,0.0,0.0,0.0,0,1500,0,1,PID_ATTITUDE
P_ONLY,30795533637600,900100,PITCH,-0.26,-0.77,0.47,0.0,0.0,0.0,0.0,0,1500,0,1,PID_ATTITUDE
P_ONLY,30795626031600,900200,PITCH,0.1,-0.82,0.44,0.0,0.0,0.0,0.0,0,1500,0,1,PID_ATTITUDE
P_ONLY,30795735739600,900300,PITCH,0.58,-2.08,-1.19,-1.19,-1.19,0.0,0.0,-1,1499,0,0,PID_ATTITUDE
P_ONLY,30795829087100,900400,PITCH,0.52,-7.62,-7.06,-7.06,-7.06,0.0,0.0,-7,1493,0,0,PID_ATTITUDE
P_ONLY,30795879954200,900500,PITCH,0.98,-17.86,-18.37,-18.37,-18.37,0.0,0.0,-10,1490,1,0,PID_ATTITUDE
P_ONLY,30796031537900,900600,PITCH,2.34,-32.45,-31.71,-31.71,-31.71,0.0,0.0,-10,1490,1,0,PID_ATTITUDE
P_ONLY,30796138872700,900700,PITCH,1.96,-36.42,-35.77,-35.77,-35.77,0.0,0.0,-10,1490,1,0,PID_ATTITUDE
P_ONLY,30796233117000,900800,PITCH,2.12,-41.31,-40.32,-40.32,-40.32,0.0,0.0,-10,1490,1,0,PID_ATTITUDE
P_ONLY,30796326444300,900900,PITCH,2.48,-44.63,-43.62,-43.62,-43.62,0.0,0.0,-10,1490,1,0,PID_ATTITUDE
P_ONLY,30796435224800,901000,PITCH,2.38,-45.15,-43.82,-43.82,-43.82,0.0,0.0,-10,1490,1,0,PID_ATTITUDE
P_ONLY,30796527634300,901100,PITCH,2.16,-44.78,-43.58,-43.58,-43.58,0.0,0.0,-10,1490,1,0,PID_ATTITUDE
P_ONLY,30796634957500,901200,PITCH,2.04,-45.08,-43.8,-43.8,-43.8,0.0,0.0,-10,1490,1,0,PID_ATTITUDE
P_ONLY,30796729397200,901300,PITCH,1.72,-44.86,-43.61,-43.61,-43.61,0.0,0.0,-10,1490,1,0,PID_ATTITUDE
P_ONLY,30796838047800,901400,PITCH,1.94,-44.5,-43.18,-43.18,-43.18,0.0,0.0,-10,1490,1,0,PID_ATTITUDE
P_ONLY,30796879823300,901500,PITCH,2.04,-44.09,-42.83,-42.83,-42.83,0.0,0.0,-10,1490,1,0,PID_ATTITUDE
P_ONLY,30797039932800,901600,PITCH,1.95,-44.02,-42.77,-42.77,-42.77,0.0,0.0,-10,1490,1,0,PID_ATTITUDE
P_ONLY,30797133539600,901700,PITCH,1.85,-44.18,-42.96,-42.96,-42.96,0.0,0.0,-10,1490,1,0,PID_ATTITUDE
P_ONLY,30797226452500,901800,PITCH,1.85,-44.3,-43.02,-43.02,-43.02,0.0,0.0,-10,1490,1,0,PID_ATTITUDE
P_ONLY,30797333834800,901900,PITCH,1.88,-43.92,-42.62,-42.62,-42.62,0.0,0.0,-10,1490,1,0,PID_ATTITUDE
P_ONLY,30797426972500,902000,PITCH,1.79,-43.2,-41.85,-41.85,-41.85,0.0,0.0,-10,1490,1,0,PID_ATTITUDE
P_ONLY,30797535596000,902100,PITCH,1.78,-42.17,-40.83,-40.83,-40.83,0.0,0.0,-10,1490,1,0,PID_ATTITUDE
P_ONLY,30797630319000,902200,PITCH,1.79,-40.86,-39.38,-39.38,-39.38,0.0,0.0,-10,1490,1,0,PID_ATTITUDE
P_ONLY,30797739139700,902300,PITCH,1.82,-36.56,-34.64,-34.64,-34.64,0.0,0.0,-10,1490,1,0,PID_ATTITUDE
P_ONLY,30797833133000,902400,PITCH,1.1,-29.05,-26.99,-26.99,-26.99,0.0,0.0,-10,1490,1,0,PID_ATTITUDE
P_ONLY,30797879669600,902500,PITCH,0.39,-20.88,-18.7,-18.7,-18.7,0.0,0.0,-10,1490,1,0,PID_ATTITUDE
P_ONLY,30798036854300,902600,PITCH,0.01,-11.18,-8.99,-8.99,-8.99,0.0,0.0,-9,1491,0,0,PID_ATTITUDE
P_ONLY,30798237980300,902800,PITCH,-0.1,-0.79,0.52,0.0,0.0,0.0,0.0,0,1500,0,1,PID_ATTITUDE
P_ONLY,30798331517700,902900,PITCH,-0.23,-0.68,0.56,0.0,0.0,0.0,0.0,0,1500,0,1,PID_ATTITUDE
P_ONLY,30798439371500,903000,PITCH,-0.29,-0.75,0.49,0.0,0.0,0.0,0.0,0,1500,0,1,PID_ATTITUDE
P_ONLY,30798532936800,903100,PITCH,-0.22,-0.7,0.55,0.0,0.0,0.0,0.0,0,1500,0,1,PID_ATTITUDE
P_ONLY,30798625381200,903200,PITCH,-0.35,-0.22,1.16,1.16,1.16,0.0,0.0,1,1501,0,0,PID_ATTITUDE
P_ONLY,30798733699000,903300,PITCH,-0.49,2.53,4.33,4.33,4.33,0.0,0.0,4,1504,0,0,PID_ATTITUDE
P_ONLY,30798843655400,903404,PITCH,-0.25,12.38,14.4,14.4,14.4,0.0,0.0,10,1510,1,0,PID_ATTITUDE
P_ONLY,30799029887300,903600,PITCH,-0.56,34.78,36.66,36.66,36.66,0.0,0.0,10,1510,1,0,PID_ATTITUDE
P_ONLY,30799079138800,903700,PITCH,-0.72,40.97,42.68,42.68,42.68,0.0,0.0,10,1510,1,0,PID_ATTITUDE
P_ONLY,30799231567700,903800,PITCH,-0.99,42.88,44.18,44.18,44.18,0.0,0.0,10,1510,1,0,PID_ATTITUDE
P_ONLY,30799340117200,903900,PITCH,-1.03,44.47,45.93,45.93,45.93,0.0,0.0,10,1510,1,0,PID_ATTITUDE
P_ONLY,30799433052400,904000,PITCH,-1.08,45.61,46.76,46.76,46.76,0.0,0.0,10,1510,1,0,PID_ATTITUDE
P_ONLY,30799526906500,904100,PITCH,-1.94,39.54,39.44,39.44,39.44,0.0,0.0,10,1510,1,0,PID_ATTITUDE
P_ONLY,30799635724800,904200,PITCH,-2.45,26.7,26.75,26.75,26.75,0.0,0.0,10,1510,1,0,PID_ATTITUDE
P_ONLY,30799729976000,904300,PITCH,-1.82,18.69,19.47,19.47,19.47,0.0,0.0,10,1510,1,0,PID_ATTITUDE
P_ONLY,30799838080200,904400,PITCH,-1.3,11.66,12.06,12.06,12.06,0.0,0.0,10,1510,1,0,PID_ATTITUDE
P_ONLY,30799929977800,904500,PITCH,-1.33,4.39,5.23,5.23,5.23,0.0,0.0,5,1505,0,0,PID_ATTITUDE
P_ONLY,30800038903100,904600,PITCH,-0.84,4.44,6.38,6.38,6.38,0.0,0.0,6,1506,0,0,PID_ATTITUDE
P_ONLY,30800179179100,904800,PITCH,0.94,31.92,33.8,33.8,33.8,0.0,0.0,10,1510,1,0,PID_ATTITUDE
P_ONLY,30800332392200,904900,PITCH,0.86,36.5,38.18,38.18,38.18,0.0,0.0,10,1510,1,0,PID_ATTITUDE
P_ONLY,30800426571900,905000,PITCH,0.69,40.4,41.95,41.95,41.95,0.0,0.0,10,1510,1,0,PID_ATTITUDE
P_ONLY,30800628687700,905200,PITCH,0.3,43.17,44.43,44.43,44.43,0.0,0.0,10,1510,1,0,PID_ATTITUDE
P_ONLY,30800737287900,905300,PITCH,-0.16,43.32,44.63,44.63,44.63,0.0,0.0,10,1510,1,0,PID_ATTITUDE
P_ONLY,30800830257000,905400,PITCH,-0.22,43.78,45.04,45.04,45.04,0.0,0.0,10,1510,1,0,PID_ATTITUDE
P_ONLY,30800938500500,905500,PITCH,-0.2,43.29,44.36,44.36,44.36,0.0,0.0,10,1510,1,0,PID_ATTITUDE
P_ONLY,30801031132600,905600,PITCH,-0.28,35.97,35.7,35.7,35.7,0.0,0.0,10,1510,1,0,PID_ATTITUDE
P_ONLY,30801139865100,905700,PITCH,-0.18,21.11,21.07,21.07,21.07,0.0,0.0,10,1510,1,0,PID_ATTITUDE
P_ONLY,30801232723200,905800,PITCH,0.06,10.31,10.7,10.7,10.7,0.0,0.0,10,1510,1,0,PID_ATTITUDE
P_ONLY,30801279135700,905900,PITCH,0.31,2.31,3.19,3.19,3.19,0.0,0.0,3,1503,0,0,PID_ATTITUDE
P_ONLY,30801435243200,906000,PITCH,0.47,0.5,1.68,1.68,1.68,0.0,0.0,2,1502,0,0,PID_ATTITUDE
P_ONLY,30801528436300,906100,PITCH,0.52,-0.13,1.05,1.05,1.05,0.0,0.0,1,1501,0,0,PID_ATTITUDE
P_ONLY,30801729893100,906300,PITCH,0.68,-4.7,-3.84,-3.84,-3.84,0.0,0.0,-4,1496,0,0,PID_ATTITUDE
P_ONLY,30801839453700,906400,PITCH,1.36,-9.23,-8.49,-8.49,-8.49,0.0,0.0,-8,1492,0,0,PID_ATTITUDE
P_ONLY,30801932933200,906500,PITCH,2.43,-16.96,-16.74,-16.74,-16.74,0.0,0.0,-10,1490,1,0,PID_ATTITUDE
P_ONLY,30802026351600,906600,PITCH,2.77,-24.55,-24.03,-24.03,-24.03,0.0,0.0,-10,1490,1,0,PID_ATTITUDE
P_ONLY,30802135401500,906700,PITCH,3.11,-32.33,-31.85,-31.85,-31.85,0.0,0.0,-10,1490,1,0,PID_ATTITUDE
P_ONLY,30802228632300,906800,PITCH,3.07,-39.43,-38.43,-38.43,-38.43,0.0,0.0,-10,1490,1,0,PID_ATTITUDE
P_ONLY,30802337745100,906900,PITCH,2.73,-40.18,-38.88,-38.88,-38.88,0.0,0.0,-10,1490,1,0,PID_ATTITUDE
P_ONLY,30802378873700,907000,PITCH,2.38,-36.76,-34.59,-34.59,-34.59,0.0,0.0,-10,1490,1,0,PID_ATTITUDE
P_ONLY,30802537919100,907100,PITCH,0.58,-24.59,-21.95,-21.95,-21.95,0.0,0.0,-10,1490,1,0,PID_ATTITUDE
P_ONLY,30802630689200,907200,PITCH,-1.04,-8.31,-5.62,-5.62,-5.62,0.0,0.0,-6,1494,0,0,PID_ATTITUDE
P_ONLY,30802830912100,907400,PITCH,-0.65,-0.49,0.76,0.0,0.0,0.0,0.0,0,1500,0,1,PID_ATTITUDE
P_ONLY,30802939962400,907500,PITCH,-0.62,-0.53,0.71,0.0,0.0,0.0,0.0,0,1500,0,1,PID_ATTITUDE
P_ONLY,30803034111500,907600,PITCH,-0.5,-0.55,0.7,0.0,0.0,0.0,0.0,0,1500,0,1,PID_ATTITUDE
P_ONLY,30803128001100,907700,PITCH,-0.21,-0.54,0.72,0.0,0.0,0.0,0.0,0,1500,0,1,PID_ATTITUDE
P_ONLY,30803237269700,907800,PITCH,0.19,-0.47,0.8,0.0,0.0,0.0,0.0,0,1500,0,1,PID_ATTITUDE
P_ONLY,30803330671300,907900,PITCH,0.3,-0.3,0.95,0.0,0.0,0.0,0.0,0,1500,0,1,PID_ATTITUDE
P_ONLY,30803424402900,908000,PITCH,0.34,-1.25,-0.3,0.0,0.0,0.0,0.0,0,1500,0,1,PID_ATTITUDE
P_ONLY,30803478720700,908100,PITCH,-0.08,-4.48,-3.43,-3.43,-3.43,0.0,0.0,-3,1497,0,0,PID_ATTITUDE
P_ONLY,30803626552500,908200,PITCH,2.99,-6.09,-4.96,-4.96,-4.96,0.0,0.0,-5,1495,0,0,PID_ATTITUDE
P_ONLY,30803736070400,908300,PITCH,11.2,-6.04,-4.56,-4.56,-4.56,0.0,0.0,-5,1495,0,0,PID_ATTITUDE
P_ONLY,30803829298700,908400,PITCH,18.58,-2.8,-1.31,-1.31,-1.31,0.0,0.0,-1,1499,0,0,PID_ATTITUDE
P_ONLY,30804032062500,908600,PITCH,14.15,-3.06,-1.94,-1.94,-1.94,0.0,0.0,-2,1498,0,0,PID_ATTITUDE
P_ONLY,30804139052300,908700,PITCH,5.45,-3.63,-2.36,-2.36,-2.36,0.0,0.0,-2,1498,0,0,PID_ATTITUDE
P_ONLY,30804232928700,908800,PITCH,-0.08,-3.3,-2.05,-2.05,-2.05,0.0,0.0,-2,1498,0,0,PID_ATTITUDE
P_ONLY,30804433884900,909000,PITCH,-0.43,-0.05,1.19,1.19,1.19,0.0,0.0,1,1501,0,0,PID_ATTITUDE
P_ONLY,30804527207900,909100,PITCH,-0.38,-0.15,1.09,1.09,1.09,0.0,0.0,1,1501,0,0,PID_ATTITUDE
P_ONLY,30804730090600,909300,PITCH,-0.22,-0.33,0.91,0.0,0.0,0.0,0.0,0,1500,0,1,PID_ATTITUDE
P_ONLY,30804778104000,909400,PITCH,-0.16,-0.4,0.85,0.0,0.0,0.0,0.0,0,1500,0,1,PID_ATTITUDE
P_ONLY,30804931941100,909500,PITCH,-0.11,-0.46,0.79,0.0,0.0,0.0,0.0,0,1500,0,1,PID_ATTITUDE
P_ONLY,30805024036300,909600,PITCH,-0.07,-0.51,0.74,0.0,0.0,0.0,0.0,0,1500,0,1,PID_ATTITUDE
P_ONLY,30805133446600,909700,PITCH,-0.05,-0.55,0.7,0.0,0.0,0.0,0.0,0,1500,0,1,PID_ATTITUDE
P_ONLY,30805227279700,909800,PITCH,0.01,-0.56,0.69,0.0,0.0,0.0,0.0,0,1500,0,1,PID_ATTITUDE
P_ONLY,30805334075600,909900,PITCH,0.04,-0.59,0.65,0.0,0.0,0.0,0.0,0,1500,0,1,PID_ATTITUDE
P_ONLY,30805426881800,910000,PITCH,0.06,-0.63,0.62,0.0,0.0,0.0,0.0,0,1500,0,1,PID_ATTITUDE
P_ONLY,30805535439200,910100,PITCH,0.07,-0.64,0.61,0.0,0.0,0.0,0.0,0,1500,0,1,PID_ATTITUDE
P_ONLY,30805628939300,910200,PITCH,0.09,-0.64,0.61,0.0,0.0,0.0,0.0,0,1500,0,1,PID_ATTITUDE
P_ONLY,30805738104600,910300,PITCH,0.09,-0.64,0.61,0.0,0.0,0.0,0.0,0,1500,0,1,PID_ATTITUDE
P_ONLY,30805777910100,910400,PITCH,0.1,-0.62,0.63,0.0,0.0,0.0,0.0,0,1500,0,1,PID_ATTITUDE
P_ONLY,30805924609300,910500,PITCH,0.16,-0.58,0.68,0.0,0.0,0.0,0.0,0,1500,0,1,PID_ATTITUDE
P_ONLY,30806033587700,910600,PITCH,-0.12,-0.86,0.37,0.0,0.0,0.0,0.0,0,1500,0,1,PID_ATTITUDE
P_ONLY,30806126249500,910700,PITCH,-2.23,-0.99,0.22,0.0,0.0,0.0,0.0,0,1500,0,1,PID_ATTITUDE
P_ONLY,30806236565200,910800,PITCH,-8.43,-0.82,0.44,0.0,0.0,0.0,0.0,0,1500,0,1,PID_ATTITUDE
P_ONLY,30806330900000,910900,PITCH,-17.54,-0.91,0.42,0.0,0.0,0.0,0.0,0,1500,0,1,PID_ATTITUDE
P_ONLY,30806424649300,911000,PITCH,-23.8,-0.31,0.96,0.0,0.0,0.0,0.0,0,1500,0,1,PID_ATTITUDE
P_ONLY,30806532444400,911100,PITCH,-25.31,-0.3,0.88,0.0,0.0,0.0,0.0,0,1500,0,1,PID_ATTITUDE
P_ONLY,30806626822300,911200,PITCH,-22.97,-0.72,0.54,0.0,0.0,0.0,0.0,0,1500,0,1,PID_ATTITUDE
P_ONLY,30806736990200,911300,PITCH,-15.3,-0.54,0.77,0.0,0.0,0.0,0.0,0,1500,0,1,PID_ATTITUDE
P_ONLY,30806777757600,911400,PITCH,-6.51,-0.67,0.58,0.0,0.0,0.0,0.0,0,1500,0,1,PID_ATTITUDE
P_ONLY,30806923762100,911500,PITCH,-1.69,-0.72,0.52,0.0,0.0,0.0,0.0,0,1500,0,1,PID_ATTITUDE
P_ONLY,30807031862100,911600,PITCH,-0.34,-0.76,0.48,0.0,0.0,0.0,0.0,0,1500,0,1,PID_ATTITUDE
P_ONLY,30807123782000,911700,PITCH,-0.12,-0.72,0.52,0.0,0.0,0.0,0.0,0,1500,0,1,PID_ATTITUDE
P_ONLY,30807231792400,911800,PITCH,0.17,-0.71,0.54,0.0,0.0,0.0,0.0,0,1500,0,1,PID_ATTITUDE
P_ONLY,30807325856200,911900,PITCH,-0.42,2.58,4.75,4.75,4.75,0.0,0.0,5,1505,0,0,PID_ATTITUDE
P_ONLY,30807433590900,912000,PITCH,-0.94,15.48,18.07,18.07,18.07,0.0,0.0,10,1510,1,0,PID_ATTITUDE
P_ONLY,30807526488500,912100,PITCH,-1.61,25.03,26.77,26.77,26.77,0.0,0.0,10,1510,1,0,PID_ATTITUDE
P_ONLY,30807636545900,912200,PITCH,-1.69,28.39,29.91,29.91,29.91,0.0,0.0,10,1510,1,0,PID_ATTITUDE
P_ONLY,30807731111400,912300,PITCH,-1.35,30.21,31.54,31.54,31.54,0.0,0.0,10,1510,1,0,PID_ATTITUDE
P_ONLY,30807778152900,912400,PITCH,-1.23,30.57,31.82,31.82,31.82,0.0,0.0,10,1510,1,0,PID_ATTITUDE
P_ONLY,30807933037500,912500,PITCH,-1.22,30.43,31.66,31.66,31.66,0.0,0.0,10,1510,1,0,PID_ATTITUDE
P_ONLY,30808027138600,912600,PITCH,-1.22,29.85,31.05,31.05,31.05,0.0,0.0,10,1510,1,0,PID_ATTITUDE
P_ONLY,30808136007900,912700,PITCH,-1.24,29.51,30.73,30.73,30.73,0.0,0.0,10,1510,1,0,PID_ATTITUDE
P_ONLY,30808229973600,912800,PITCH,-1.22,29.19,30.38,30.38,30.38,0.0,0.0,10,1510,1,0,PID_ATTITUDE
P_ONLY,30808339066400,912900,PITCH,-1.27,28.2,29.29,29.29,29.29,0.0,0.0,10,1510,1,0,PID_ATTITUDE
P_ONLY,30808433011700,913000,PITCH,-1.33,23.88,24.25,24.25,24.25,0.0,0.0,10,1510,1,0,PID_ATTITUDE
P_ONLY,30808526910000,913100,PITCH,-1.55,14.23,14.48,14.48,14.48,0.0,0.0,10,1510,1,0,PID_ATTITUDE
P_ONLY,30808636637500,913200,PITCH,-1.63,5.59,6.22,6.22,6.22,0.0,0.0,6,1506,0,0,PID_ATTITUDE
P_ONLY,30808730655800,913300,PITCH,-1.21,1.59,2.63,2.63,2.63,0.0,0.0,3,1503,0,0,PID_ATTITUDE
P_ONLY,30808777853200,913400,PITCH,-0.72,0.02,1.19,1.19,1.19,0.0,0.0,1,1501,0,0,PID_ATTITUDE
P_ONLY,30809026608900,913600,PITCH,-0.44,-0.64,0.59,0.0,0.0,0.0,0.0,0,1500,0,1,PID_ATTITUDE
P_ONLY,30809136510000,913700,PITCH,-0.39,-0.76,0.5,0.0,0.0,0.0,0.0,0,1500,0,1,PID_ATTITUDE
P_ONLY,30809230435600,913800,PITCH,-0.3,-0.77,0.47,0.0,0.0,0.0,0.0,0,1500,0,1,PID_ATTITUDE
P_ONLY,30809323649300,913900,PITCH,-0.25,-0.78,0.47,0.0,0.0,0.0,0.0,0,1500,0,1,PID_ATTITUDE
P_ONLY,30809431149800,914000,PITCH,-0.19,-0.78,0.47,0.0,0.0,0.0,0.0,0,1500,0,1,PID_ATTITUDE
P_ONLY,30809524816900,914100,PITCH,-0.16,-0.77,0.48,0.0,0.0,0.0,0.0,0,1500,0,1,PID_ATTITUDE
P_ONLY,30809634001100,914200,PITCH,-0.13,-0.77,0.48,0.0,0.0,0.0,0.0,0,1500,0,1,PID_ATTITUDE
P_ONLY,30809727142300,914300,PITCH,-0.11,-0.76,0.48,0.0,0.0,0.0,0.0,0,1500,0,1,PID_ATTITUDE
P_ONLY,30809837542500,914400,PITCH,-0.1,-0.78,0.47,0.0,0.0,0.0,0.0,0,1500,0,1,PID_ATTITUDE
P_ONLY,30809877331500,914500,PITCH,-0.09,-0.78,0.46,0.0,0.0,0.0,0.0,0,1500,0,1,PID_ATTITUDE
P_ONLY,30810023763000,914600,PITCH,-0.06,-0.79,0.46,0.0,0.0,0.0,0.0,0,1500,0,1,PID_ATTITUDE
P_ONLY,30810132267900,914700,PITCH,-0.05,-0.8,0.45,0.0,0.0,0.0,0.0,0,1500,0,1,PID_ATTITUDE
P_ONLY,30810226263100,914800,PITCH,-0.05,-0.79,0.46,0.0,0.0,0.0,0.0,0,1500,0,1,PID_ATTITUDE
P_ONLY,30810334205500,914900,PITCH,-0.03,-0.78,0.46,0.0,0.0,0.0,0.0,0,1500,0,1,PID_ATTITUDE
P_ONLY,30810427894100,915000,PITCH,-0.03,-0.79,0.46,0.0,0.0,0.0,0.0,0,1500,0,1,PID_ATTITUDE
P_ONLY,30810536169600,915100,PITCH,-0.03,-0.79,0.46,0.0,0.0,0.0,0.0,0,1500,0,1,PID_ATTITUDE
P_ONLY,30810629536300,915200,PITCH,-0.03,-0.79,0.46,0.0,0.0,0.0,0.0,0,1500,0,1,PID_ATTITUDE
P_ONLY,30810722888900,915300,PITCH,-0.03,-0.79,0.46,0.0,0.0,0.0,0.0,0,1500,0,1,PID_ATTITUDE
P_ONLY,30810830729500,915400,PITCH,-0.03,-0.79,0.46,0.0,0.0,0.0,0.0,0,1500,0,1,PID_ATTITUDE
P_ONLY,30810877211600,915500,PITCH,-0.03,-0.79,0.46,0.0,0.0,0.0,0.0,0,1500,0,1,PID_ATTITUDE
P_ONLY,30811033620200,915600,PITCH,-0.03,-0.79,0.46,0.0,0.0,0.0,0.0,0,1500,0,1,PID_ATTITUDE
P_ONLY,30811127491100,915700,PITCH,-0.03,-0.79,0.46,0.0,0.0,0.0,0.0,0,1500,0,1,PID_ATTITUDE
P_ONLY,30811235625200,915800,PITCH,-0.04,-0.79,0.46,0.0,0.0,0.0,0.0,0,1500,0,1,PID_ATTITUDE
P_ONLY,30811329597500,915900,PITCH,-0.04,-0.77,0.48,0.0,0.0,0.0,0.0,0,1500,0,1,PID_ATTITUDE
P_ONLY,30811423099000,916000,PITCH,-0.03,-0.76,0.49,0.0,0.0,0.0,0.0,0,1500,0,1,PID_ATTITUDE
P_ONLY,30811532117600,916100,PITCH,-0.01,-0.77,0.48,0.0,0.0,0.0,0.0,0,1500,0,1,PID_ATTITUDE
P_ONLY,30811625493300,916200,PITCH,0.0,-0.79,0.46,0.0,0.0,0.0,0.0,0,1500,0,1,PID_ATTITUDE
P_ONLY,30811734593500,916300,PITCH,0.02,-0.79,0.46,0.0,0.0,0.0,0.0,0,1500,0,1,PID_ATTITUDE
P_ONLY,30811826803500,916400,PITCH,0.0,-0.79,0.46,0.0,0.0,0.0,0.0,0,1500,0,1,PID_ATTITUDE
P_ONLY,30811877257000,916500,PITCH,0.01,-0.79,0.46,0.0,0.0,0.0,0.0,0,1500,0,1,PID_ATTITUDE
P_ONLY,30812026826600,916600,PITCH,0.0,-0.78,0.48,0.0,0.0,0.0,0.0,0,1500,0,1,PID_ATTITUDE
P_ONLY,30812137041800,916700,PITCH,-0.02,-0.77,0.47,0.0,0.0,0.0,0.0,0,1500,0,1,PID_ATTITUDE
P_ONLY,30812229753000,916800,PITCH,-0.02,-0.78,0.48,0.0,0.0,0.0,0.0,0,1500,0,1,PID_ATTITUDE
P_ONLY,30812323761100,916900,PITCH,-0.12,-0.77,0.47,0.0,0.0,0.0,0.0,0,1500,0,1,PID_ATTITUDE
P_ONLY,30812432110700,917000,PITCH,-0.57,-1.01,0.22,0.0,0.0,0.0,0.0,0,1500,0,1,PID_ATTITUDE
P_ONLY,30812525924100,917100,PITCH,0.06,-0.82,0.45,0.0,0.0,0.0,0.0,0,1500,0,1,PID_ATTITUDE
P_ONLY,30812634376100,917200,PITCH,0.16,-0.74,0.51,0.0,0.0,0.0,0.0,0,1500,0,1,PID_ATTITUDE
P_ONLY,30812728609300,917300,PITCH,0.16,-0.72,0.52,0.0,0.0,0.0,0.0,0,1500,0,1,PID_ATTITUDE
P_ONLY,30812837674000,917400,PITCH,0.15,-0.72,0.53,0.0,0.0,0.0,0.0,0,1500,0,1,PID_ATTITUDE
P_ONLY,30812876879000,917500,PITCH,0.14,-0.71,0.54,0.0,0.0,0.0,0.0,0,1500,0,1,PID_ATTITUDE
P_ONLY,30813024997600,917600,PITCH,0.14,-0.71,0.54,0.0,0.0,0.0,0.0,0,1500,0,1,PID_ATTITUDE
P_ONLY,30813133202800,917700,PITCH,0.16,-0.63,0.61,0.0,0.0,0.0,0.0,0,1500,0,1,PID_ATTITUDE
P_ONLY,30813226679700,917800,PITCH,0.15,-0.68,0.57,0.0,0.0,0.0,0.0,0,1500,0,1,PID_ATTITUDE
P_ONLY,30813336050200,917900,PITCH,0.16,-0.68,0.57,0.0,0.0,0.0,0.0,0,1500,0,1,PID_ATTITUDE
P_ONLY,30813429014200,918000,PITCH,0.15,-0.68,0.57,0.0,0.0,0.0,0.0,0,1500,0,1,PID_ATTITUDE
P_ONLY,30813522740500,918100,PITCH,0.15,-0.69,0.56,0.0,0.0,0.0,0.0,0,1500,0,1,PID_ATTITUDE
P_ONLY,30813632430100,918200,PITCH,0.15,-0.7,0.55,0.0,0.0,0.0,0.0,0,1500,0,1,PID_ATTITUDE
P_ONLY,30813725730500,918300,PITCH,0.15,-0.7,0.55,0.0,0.0,0.0,0.0,0,1500,0,1,PID_ATTITUDE
P_ONLY,30813833988700,918400,PITCH,0.14,-0.7,0.55,0.0,0.0,0.0,0.0,0,1500,0,1,PID_ATTITUDE
P_ONLY,30813876821100,918500,PITCH,0.14,-0.7,0.55,0.0,0.0,0.0,0.0,0,1500,0,1,PID_ATTITUDE
P_ONLY,30814036454300,918600,PITCH,0.25,-0.76,0.49,0.0,0.0,0.0,0.0,0,1500,0,1,PID_ATTITUDE
P_ONLY,30814131071400,918700,PITCH,0.96,-0.48,0.75,0.0,0.0,0.0,0.0,0,1500,0,1,PID_ATTITUDE
P_ONLY,30814223887100,918800,PITCH,0.85,-0.7,0.54,0.0,0.0,0.0,0.0,0,1500,0,1,PID_ATTITUDE
P_ONLY,30814331516500,918900,PITCH,1.02,-0.38,0.93,0.0,0.0,0.0,0.0,0,1500,0,1,PID_ATTITUDE
P_ONLY,30814425134300,919000,PITCH,1.15,-0.28,0.94,0.0,0.0,0.0,0.0,0,1500,0,1,PID_ATTITUDE
P_ONLY,30814534456600,919100,PITCH,0.9,-0.4,0.86,0.0,0.0,0.0,0.0,0,1500,0,1,PID_ATTITUDE
P_ONLY,30814627380300,919200,PITCH,1.1,-0.09,1.18,1.18,1.18,0.0,0.0,1,1501,0,0,PID_ATTITUDE
PD,31868880555300,748400,PITCH,-0.19,-0.09,0.05,0.0,0.0,0.0,0.0,0,1500,0,1,PID_ATTITUDE
PD,31868990828800,748500,PITCH,-0.21,-0.1,0.05,0.0,0.0,0.0,0.0,0,1500,0,1,PID_ATTITUDE
PD,31869084073000,748600,PITCH,-0.21,-0.09,0.06,0.0,0.0,0.0,0.0,0,1500,0,1,PID_ATTITUDE
PD,31869194407800,748700,PITCH,-0.22,-0.09,0.06,0.0,0.0,0.0,0.0,0,1500,0,1,PID_ATTITUDE
PD,31869287026400,748800,PITCH,-0.22,-0.08,0.07,0.0,0.0,0.0,0.0,0,1500,0,1,PID_ATTITUDE
PD,31869381066600,748900,PITCH,-0.23,-0.08,0.07,0.0,0.0,0.0,0.0,0,1500,0,1,PID_ATTITUDE
PD,31869489940700,749000,PITCH,-0.22,-0.08,0.07,0.0,0.0,0.0,0.0,0,1500,0,1,PID_ATTITUDE
PD,31869582607700,749100,PITCH,-0.22,-0.09,0.06,0.0,0.0,0.0,0.0,0,1500,0,1,PID_ATTITUDE
PD,31869633214200,749200,PITCH,-0.22,-0.08,0.07,0.0,0.0,0.0,0.0,0,1500,0,1,PID_ATTITUDE
PD,31869784184900,749300,PITCH,-0.22,-0.07,0.08,0.0,0.0,0.0,0.0,0,1500,0,1,PID_ATTITUDE
PD,31869892535300,749400,PITCH,-0.22,-0.08,0.07,0.0,0.0,0.0,0.0,0,1500,0,1,PID_ATTITUDE
PD,31869986050300,749500,PITCH,-0.22,-0.08,0.06,0.0,0.0,0.0,0.0,0,1500,0,1,PID_ATTITUDE
PD,31870080153400,749600,PITCH,-0.22,-0.1,0.05,0.0,0.0,0.0,0.0,0,1500,0,1,PID_ATTITUDE
PD,31870188865000,749700,PITCH,-0.22,-0.1,0.05,0.0,0.0,0.0,0.0,0,1500,0,1,PID_ATTITUDE
PD,31870281906300,749800,PITCH,-0.23,-0.1,0.05,0.0,0.0,0.0,0.0,0,1500,0,1,PID_ATTITUDE
PD,31870390110200,749900,PITCH,-0.22,-0.09,0.06,0.0,0.0,0.0,0.0,0,1500,0,1,PID_ATTITUDE
PD,31870484350300,750000,PITCH,-0.22,-0.08,0.07,0.0,0.0,0.0,0.0,0,1500,0,1,PID_ATTITUDE
PD,31870593173800,750100,PITCH,-0.22,-0.09,0.07,0.0,0.0,0.0,0.0,0,1500,0,1,PID_ATTITUDE
PD,31870633082500,750200,PITCH,-0.21,-0.09,0.07,0.0,0.0,0.0,0.0,0,1500,0,1,PID_ATTITUDE
PD,31870780075600,750300,PITCH,-0.22,-0.09,0.06,0.0,0.0,0.0,0.0,0,1500,0,1,PID_ATTITUDE
PD,31870888566700,750400,PITCH,-0.23,-0.11,0.05,0.0,0.0,0.0,0.0,0,1500,0,1,PID_ATTITUDE
PD,31870982730900,750500,PITCH,-0.23,-0.07,0.08,0.0,0.0,0.0,0.0,0,1500,0,1,PID_ATTITUDE
PD,31871092140100,750600,PITCH,-0.14,-0.02,0.15,0.0,0.0,0.0,0.0,0,1500,0,1,PID_ATTITUDE
PD,31871185390200,750700,PITCH,-0.16,-0.05,0.09,0.0,0.0,0.0,0.0,0,1500,0,1,PID_ATTITUDE
PD,31871280107100,750800,PITCH,0.62,0.43,0.6,0.0,0.0,0.0,0.0,0,1500,0,1,PID_ATTITUDE
PD,31871388377500,750900,PITCH,1.01,1.9,2.54,2.54,2.54,0.0,-1.159,1,1501,0,0,PID_ATTITUDE
PD,31871481586500,751000,PITCH,0.87,10.18,11.26,11.26,11.26,0.0,-4.283,7,1507,0,0,PID_ATTITUDE
PD,31871590127100,751100,PITCH,0.65,18.04,18.83,18.83,18.83,0.0,-3.617,10,1510,1,0,PID_ATTITUDE
PD,31871633442100,751200,PITCH,0.65,23.86,24.44,24.44,24.44,0.0,-2.717,10,1510,1,0,PID_ATTITUDE
PD,31871793339700,751300,PITCH,0.97,24.04,23.48,23.48,23.48,0.0,1.095,10,1510,1,0,PID_ATTITUDE
PD,31871885227100,751400,PITCH,0.77,13.38,12.42,12.42,12.42,0.0,5.197,10,1510,1,0,PID_ATTITUDE
PD,31871993336200,751500,PITCH,0.02,4.28,3.8,3.8,3.8,0.0,4.054,8,1508,0,0,PID_ATTITUDE
PD,31872087944000,751600,PITCH,-0.11,0.88,0.93,0.0,0.0,0.0,0.0,0,1500,0,1,PID_ATTITUDE
PD,31872292112100,751800,PITCH,-0.21,0.05,0.19,0.0,0.0,0.0,0.0,0,1500,0,1,PID_ATTITUDE
PD,31872386901800,751900,PITCH,-0.22,0.03,0.18,0.0,0.0,0.0,0.0,0,1500,0,1,PID_ATTITUDE
PD,31872479764500,752000,PITCH,-0.23,0.03,0.18,0.0,0.0,0.0,0.0,0,1500,0,1,PID_ATTITUDE
PD,31872588688500,752100,PITCH,-0.24,0.06,0.21,0.0,0.0,0.0,0.0,0,1500,0,1,PID_ATTITUDE
PD,31872680861500,752200,PITCH,-0.27,0.05,0.2,0.0,0.0,0.0,0.0,0,1500,0,1,PID_ATTITUDE
PD,31872732781400,752300,PITCH,-0.28,0.03,0.18,0.0,0.0,0.0,0.0,0,1500,0,1,PID_ATTITUDE
PD,31872884864700,752400,PITCH,-0.29,0.02,0.17,0.0,0.0,0.0,0.0,0,1500,0,1,PID_ATTITUDE
PD,31872978736600,752500,PITCH,-0.29,0.02,0.17,0.0,0.0,0.0,0.0,0,1500,0,1,PID_ATTITUDE
PD,31873087435700,752600,PITCH,-0.28,0.02,0.17,0.0,0.0,0.0,0.0,0,1500,0,1,PID_ATTITUDE
PD,31873181263100,752700,PITCH,-0.29,0.01,0.16,0.0,0.0,0.0,0.0,0,1500,0,1,PID_ATTITUDE
PD,31873288825800,752800,PITCH,-0.3,0.0,0.15,0.0,0.0,0.0,0.0,0,1500,0,1,PID_ATTITUDE
PD,31873383055900,752900,PITCH,-0.3,-0.01,0.14,0.0,0.0,0.0,0.0,0,1500,0,1,PID_ATTITUDE
PD,31873490269400,753000,PITCH,0.39,0.36,0.52,0.0,0.0,0.0,0.0,0,1500,0,1,PID_ATTITUDE
PD,31873584053100,753100,PITCH,0.39,0.34,0.5,0.0,0.0,0.0,0.0,0,1500,0,1,PID_ATTITUDE
PD,31873693427500,753200,PITCH,0.31,0.16,0.3,0.0,0.0,0.0,0.0,0,1500,0,1,PID_ATTITUDE
PD,31873732709200,753300,PITCH,0.18,0.09,0.24,0.0,0.0,0.0,0.0,0,1500,0,1,PID_ATTITUDE
PD,31873879351100,753400,PITCH,0.07,0.06,0.21,0.0,0.0,0.0,0.0,0,1500,0,1,PID_ATTITUDE
PD,31873987995400,753500,PITCH,-0.01,0.04,0.19,0.0,0.0,0.0,0.0,0,1500,0,1,PID_ATTITUDE
PD,31874080439500,753600,PITCH,-0.07,0.04,0.23,0.0,0.0,0.0,0.0,0,1500,0,1,PID_ATTITUDE
PD,31874188950000,753700,PITCH,-0.2,0.54,0.64,0.0,0.0,0.0,0.0,0,1500,0,1,PID_ATTITUDE
PD,31874281418800,753800,PITCH,-0.16,0.06,0.19,0.0,0.0,0.0,0.0,0,1500,0,1,PID_ATTITUDE
PD,31874389430600,753900,PITCH,-0.2,0.03,0.18,0.0,0.0,0.0,0.0,0,1500,0,1,PID_ATTITUDE
PD,31874483084900,754000,PITCH,-0.24,0.04,0.19,0.0,0.0,0.0,0.0,0,1500,0,1,PID_ATTITUDE
PD,31874593037100,754100,PITCH,-0.28,0.01,0.16,0.0,0.0,0.0,0.0,0,1500,0,1,PID_ATTITUDE
PD,31874686082400,754200,PITCH,-0.3,-0.05,0.08,0.0,0.0,0.0,0.0,0,1500,0,1,PID_ATTITUDE
PD,31874732673300,754300,PITCH,-0.37,-0.09,0.07,0.0,0.0,0.0,0.0,0,1500,0,1,PID_ATTITUDE
PD,31874888783300,754400,PITCH,-0.37,-0.07,0.08,0.0,0.0,0.0,0.0,0,1500,0,1,PID_ATTITUDE
PD,31874981921900,754500,PITCH,-0.36,-0.06,0.09,0.0,0.0,0.0,0.0,0,1500,0,1,PID_ATTITUDE
PD,31875090122700,754600,PITCH,-0.37,-0.05,0.1,0.0,0.0,0.0,0.0,0,1500,0,1,PID_ATTITUDE
PD,31875184251000,754700,PITCH,-0.38,-0.03,0.12,0.0,0.0,0.0,0.0,0,1500,0,1,PID_ATTITUDE
PD,31875291777600,754800,PITCH,-0.38,-0.02,0.13,0.0,0.0,0.0,0.0,0,1500,0,1,PID_ATTITUDE
PD,31875386200000,754900,PITCH,-0.4,-0.03,0.12,0.0,0.0,0.0,0.0,0,1500,0,1,PID_ATTITUDE
PD,31875479243400,755000,PITCH,-0.4,-0.02,0.13,0.0,0.0,0.0,0.0,0,1500,0,1,PID_ATTITUDE
PD,31875586470100,755100,PITCH,-0.4,-0.02,0.13,0.0,0.0,0.0,0.0,0,1500,0,1,PID_ATTITUDE
PD,31875679433900,755200,PITCH,-0.42,-0.01,0.14,0.0,0.0,0.0,0.0,0,1500,0,1,PID_ATTITUDE
PD,31875732335300,755300,PITCH,-0.43,-0.02,0.13,0.0,0.0,0.0,0.0,0,1500,0,1,PID_ATTITUDE
PD,31875880112100,755400,PITCH,-0.41,-0.02,0.12,0.0,0.0,0.0,0.0,0,1500,0,1,PID_ATTITUDE
PD,31875987357500,755500,PITCH,-0.43,-0.03,0.12,0.0,0.0,0.0,0.0,0,1500,0,1,PID_ATTITUDE
PD,31876080529900,755600,PITCH,-0.43,-0.03,0.13,0.0,0.0,0.0,0.0,0,1500,0,1,PID_ATTITUDE
PD,31876189756500,755700,PITCH,-0.38,0.03,0.18,0.0,0.0,0.0,0.0,0,1500,0,1,PID_ATTITUDE
PD,31876281537400,755800,PITCH,-0.39,0.0,0.14,0.0,0.0,0.0,0.0,0,1500,0,1,PID_ATTITUDE
PD,31876391302800,755900,PITCH,-0.39,0.0,0.16,0.0,0.0,0.0,0.0,0,1500,0,1,PID_ATTITUDE
PD,31876484970100,756000,PITCH,-0.55,-0.01,0.11,0.0,0.0,0.0,0.0,0,1500,0,1,PID_ATTITUDE
PD,31876578525300,756100,PITCH,-0.78,-2.73,-3.33,-3.33,-3.33,0.0,1.609,-2,1498,0,0,PID_ATTITUDE
PD,31876686624900,756200,PITCH,0.04,-8.3,-8.11,-8.11,-8.11,0.0,1.471,-7,1493,0,0,PID_ATTITUDE
PD,31876732734200,756300,PITCH,6.24,-6.71,-6.29,-6.29,-6.29,0.0,-0.794,-7,1493,0,0,PID_ATTITUDE
PD,31876888831600,756400,PITCH,14.68,-3.63,-3.51,-3.51,-3.51,0.0,-0.891,-4,1496,0,0,PID_ATTITUDE
PD,31876981296600,756500,PITCH,18.3,-3.42,-3.24,-3.24,-3.24,0.0,-0.279,-4,1496,0,0,PID_ATTITUDE
PD,31877092026100,756600,PITCH,20.12,-1.89,-1.27,-1.27,-1.27,0.0,-1.335,-3,1497,0,0,PID_ATTITUDE
PD,31877184217900,756700,PITCH,21.02,4.1,4.75,4.75,4.75,0.0,-2.03,3,1503,0,0,PID_ATTITUDE
PD,31877293077500,756800,PITCH,18.24,4.99,4.8,4.8,4.8,0.0,0.393,5,1505,0,0,PID_ATTITUDE
PD,31877478446900,757000,PITCH,6.26,-4.18,-4.7,-4.7,-4.7,0.0,2.116,-3,1497,0,0,PID_ATTITUDE
PD,31877586860300,757100,PITCH,0.95,-10.14,-10.31,-10.31,-10.31,0.0,2.388,-8,1492,0,0,PID_ATTITUDE
PD,31877678547200,757200,PITCH,0.22,-9.87,-9.21,-9.21,-9.21,0.0,-0.842,-10,1490,1,0,PID_ATTITUDE
PD,31877788549900,757300,PITCH,-0.12,-2.88,-2.44,-2.44,-2.44,0.0,-2.58,-5,1495,0,0,PID_ATTITUDE
PD,31877832397200,757400,PITCH,-0.46,-1.32,-1.09,-1.09,-1.09,0.0,-0.746,-2,1498,0,0,PID_ATTITUDE
PD,31878080911400,757600,PITCH,-0.93,-0.93,-0.75,0.0,0.0,0.0,0.0,0,1500,0,1,PID_ATTITUDE
PD,31878190353900,757700,PITCH,-0.88,-0.85,-0.73,0.0,0.0,0.0,0.0,0,1500,0,1,PID_ATTITUDE
PD,31878282692200,757800,PITCH,-0.75,-0.97,-0.82,0.0,0.0,0.0,0.0,0,1500,0,1,PID_ATTITUDE
PD,31878391722800,757900,PITCH,-0.74,-0.98,-0.83,0.0,0.0,0.0,0.0,0,1500,0,1,PID_ATTITUDE
PD,31878485378600,758000,PITCH,-0.74,-1.0,-0.85,0.0,0.0,0.0,0.0,0,1500,0,1,PID_ATTITUDE
PD,31878578716900,758100,PITCH,-0.75,-1.0,-0.85,0.0,0.0,0.0,0.0,0,1500,0,1,PID_ATTITUDE
PD,31878687415900,758200,PITCH,-0.77,-0.99,-0.84,0.0,0.0,0.0,0.0,0,1500,0,1,PID_ATTITUDE
PD,31878780145100,758300,PITCH,-0.77,-0.97,-0.82,0.0,0.0,0.0,0.0,0,1500,0,1,PID_ATTITUDE
PD,31878889981100,758400,PITCH,-0.78,-0.96,-0.81,0.0,0.0,0.0,0.0,0,1500,0,1,PID_ATTITUDE
PD,31878931904700,758500,PITCH,-0.78,-0.95,-0.8,0.0,0.0,0.0,0.0,0,1500,0,1,PID_ATTITUDE
PD,31879077820500,758600,PITCH,-0.79,-0.92,-0.77,0.0,0.0,0.0,0.0,0,1500,0,1,PID_ATTITUDE
PD,31879188298900,758700,PITCH,-0.79,-0.91,-0.76,0.0,0.0,0.0,0.0,0,1500,0,1,PID_ATTITUDE
PD,31879281983400,758800,PITCH,-0.78,-0.91,-0.76,0.0,0.0,0.0,0.0,0,1500,0,1,PID_ATTITUDE
PD,31879391406800,758900,PITCH,-0.79,-0.92,-0.77,0.0,0.0,0.0,0.0,0,1500,0,1,PID_ATTITUDE
PD,31879484915500,759000,PITCH,-0.8,-0.92,-0.77,0.0,0.0,0.0,0.0,0,1500,0,1,PID_ATTITUDE
PD,31879592778300,759100,PITCH,-0.8,-0.92,-0.77,0.0,0.0,0.0,0.0,0,1500,0,1,PID_ATTITUDE
PD,31879685682000,759200,PITCH,-0.8,-0.91,-0.76,0.0,0.0,0.0,0.0,0,1500,0,1,PID_ATTITUDE
PD,31879778772800,759300,PITCH,-0.8,-0.91,-0.76,0.0,0.0,0.0,0.0,0,1500,0,1,PID_ATTITUDE
PD,31879887261800,759400,PITCH,-0.78,-0.93,-0.78,0.0,0.0,0.0,0.0,0,1500,0,1,PID_ATTITUDE
PD,31879931575400,759500,PITCH,0.09,-0.26,-0.01,0.0,0.0,0.0,0.0,0,1500,0,1,PID_ATTITUDE
PD,31880088068600,759600,PITCH,-0.17,-0.43,-0.47,0.0,0.0,0.0,0.0,0,1500,0,1,PID_ATTITUDE
PD,31880182117800,759700,PITCH,-0.7,-1.07,-0.95,0.0,0.0,0.0,0.0,0,1500,0,1,PID_ATTITUDE
PD,31880291598700,759800,PITCH,-0.77,-1.21,-1.06,-1.06,-1.06,0.0,0.015,-1,1499,0,0,PID_ATTITUDE
PD,31880383807900,759900,PITCH,-0.77,-1.17,-1.01,-1.01,-1.01,0.0,-0.023,-1,1499,0,0,PID_ATTITUDE
PD,31880585324900,760100,PITCH,-0.76,-1.1,-0.94,0.0,0.0,0.0,0.0,0,1500,0,1,PID_ATTITUDE
PD,31880679006700,760200,PITCH,-0.76,-1.08,-0.93,0.0,0.0,0.0,0.0,0,1500,0,1,PID_ATTITUDE
PD,31880786727900,760300,PITCH,-0.77,-1.06,-0.91,0.0,0.0,0.0,0.0,0,1500,0,1,PID_ATTITUDE
PD,31880880011100,760400,PITCH,-0.79,-1.03,-0.88,0.0,0.0,0.0,0.0,0,1500,0,1,PID_ATTITUDE
PD,31880988518100,760500,PITCH,-0.79,-1.02,-0.87,0.0,0.0,0.0,0.0,0,1500,0,1,PID_ATTITUDE
PD,31881031551800,760600,PITCH,-0.8,-1.01,-0.85,0.0,0.0,0.0,0.0,0,1500,0,1,PID_ATTITUDE
PD,31881190415100,760700,PITCH,-0.79,-1.01,-0.86,0.0,0.0,0.0,0.0,0,1500,0,1,PID_ATTITUDE
PD,31881283877700,760800,PITCH,-0.79,-1.01,-0.86,0.0,0.0,0.0,0.0,0,1500,0,1,PID_ATTITUDE
PD,31881378851100,760900,PITCH,-0.79,-1.0,-0.84,0.0,0.0,0.0,0.0,0,1500,0,1,PID_ATTITUDE
PD,31881486380300,761000,PITCH,-0.79,-0.98,-0.83,0.0,0.0,0.0,0.0,0,1500,0,1,PID_ATTITUDE
PD,31881580207200,761100,PITCH,-0.78,-0.99,-0.85,0.0,0.0,0.0,0.0,0,1500,0,1,PID_ATTITUDE
PD,31881687407200,761200,PITCH,-0.78,-1.0,-0.84,0.0,0.0,0.0,0.0,0,1500,0,1,PID_ATTITUDE
PD,31881779048500,761300,PITCH,-0.79,-1.0,-0.85,0.0,0.0,0.0,0.0,0,1500,0,1,PID_ATTITUDE
PD,31881888379500,761400,PITCH,-0.79,-0.99,-0.84,0.0,0.0,0.0,0.0,0,1500,0,1,PID_ATTITUDE
PD,31881981541700,761500,PITCH,-0.8,-0.99,-0.84,0.0,0.0,0.0,0.0,0,1500,0,1,PID_ATTITUDE
PD,31882031399800,761600,PITCH,-0.79,-0.98,-0.83,0.0,0.0,0.0,0.0,0,1500,0,1,PID_ATTITUDE
PD,31882184202500,761700,PITCH,-0.79,-0.96,-0.81,0.0,0.0,0.0,0.0,0,1500,0,1,PID_ATTITUDE
PD,31882291590800,761800,PITCH,-0.8,-0.95,-0.8,0.0,0.0,0.0,0.0,0,1500,0,1,PID_ATTITUDE
PD,31882385760400,761900,PITCH,-0.8,-0.95,-0.8,0.0,0.0,0.0,0.0,0,1500,0,1,PID_ATTITUDE
PD,31882478824300,762000,PITCH,-0.8,-0.95,-0.8,0.0,0.0,0.0,0.0,0,1500,0,1,PID_ATTITUDE
PD,31882587997100,762100,PITCH,-0.81,-0.95,-0.8,0.0,0.0,0.0,0.0,0,1500,0,1,PID_ATTITUDE
PD,31882680829500,762200,PITCH,-0.81,-0.95,-0.79,0.0,0.0,0.0,0.0,0,1500,0,1,PID_ATTITUDE
PD,31882789609000,762300,PITCH,-0.8,-0.95,-0.8,0.0,0.0,0.0,0.0,0,1500,0,1,PID_ATTITUDE
PD,31882882612800,762400,PITCH,-0.8,-0.95,-0.8,0.0,0.0,0.0,0.0,0,1500,0,1,PID_ATTITUDE
PD,31882977012500,762500,PITCH,-0.79,-0.95,-0.8,0.0,0.0,0.0,0.0,0,1500,0,1,PID_ATTITUDE
PD,31883031122900,762600,PITCH,-0.8,-0.95,-0.8,0.0,0.0,0.0,0.0,0,1500,0,1,PID_ATTITUDE
PD,31883178722000,762700,PITCH,-0.82,-0.94,-0.79,0.0,0.0,0.0,0.0,0,1500,0,1,PID_ATTITUDE
PD,31883286879000,762800,PITCH,-0.81,-0.96,-0.81,0.0,0.0,0.0,0.0,0,1500,0,1,PID_ATTITUDE
PD,31883380446600,762900,PITCH,-0.82,-0.95,-0.8,0.0,0.0,0.0,0.0,0,1500,0,1,PID_ATTITUDE
PD,31883488822600,763000,PITCH,-0.83,-0.95,-0.8,0.0,0.0,0.0,0.0,0,1500,0,1,PID_ATTITUDE
PD,31883582176700,763100,PITCH,-0.83,-0.97,-0.82,0.0,0.0,0.0,0.0,0,1500,0,1,PID_ATTITUDE
PD,31883690679900,763200,PITCH,-0.83,-0.97,-0.82,0.0,0.0,0.0,0.0,0,1500,0,1,PID_ATTITUDE
PD,31883785255300,763300,PITCH,-0.81,-0.99,-0.84,0.0,0.0,0.0,0.0,0,1500,0,1,PID_ATTITUDE
PD,31883877430600,763400,PITCH,-0.81,-0.99,-0.84,0.0,0.0,0.0,0.0,0,1500,0,1,PID_ATTITUDE
PD,31883988177400,763500,PITCH,-0.8,-0.97,-0.82,0.0,0.0,0.0,0.0,0,1500,0,1,PID_ATTITUDE
PD,31884031034300,763600,PITCH,-0.8,-0.96,-0.81,0.0,0.0,0.0,0.0,0,1500,0,1,PID_ATTITUDE
PD,31884191052000,763700,PITCH,-0.81,-0.96,-0.81,0.0,0.0,0.0,0.0,0,1500,0,1,PID_ATTITUDE
PD,31884282747600,763800,PITCH,-0.8,-0.96,-0.81,0.0,0.0,0.0,0.0,0,1500,0,1,PID_ATTITUDE
PD,31884376236300,763900,PITCH,-0.81,-0.96,-0.81,0.0,0.0,0.0,0.0,0,1500,0,1,PID_ATTITUDE
PD,31884484468000,764000,PITCH,-0.82,-0.95,-0.8,0.0,0.0,0.0,0.0,0,1500,0,1,PID_ATTITUDE
PD,31884591703000,764100,PITCH,-0.82,-0.94,-0.79,0.0,0.0,0.0,0.0,0,1500,0,1,PID_ATTITUDE
PD,31884684296400,764200,PITCH,-0.82,-0.94,-0.79,0.0,0.0,0.0,0.0,0,1500,0,1,PID_ATTITUDE
PD,31884777495900,764300,PITCH,-0.81,-0.95,-0.8,0.0,0.0,0.0,0.0,0,1500,0,1,PID_ATTITUDE
PD,31884885073800,764400,PITCH,-0.81,-0.96,-0.81,0.0,0.0,0.0,0.0,0,1500,0,1,PID_ATTITUDE
PD,31884977320200,764500,PITCH,-0.8,-0.95,-0.8,0.0,0.0,0.0,0.0,0,1500,0,1,PID_ATTITUDE
PD,31885030833900,764600,PITCH,-0.79,-0.95,-0.8,0.0,0.0,0.0,0.0,0,1500,0,1,PID_ATTITUDE
PD,31885179885500,764700,PITCH,-0.8,-0.94,-0.8,0.0,0.0,0.0,0.0,0,1500,0,1,PID_ATTITUDE
PD,31885288803200,764800,PITCH,-0.8,-0.95,-0.8,0.0,0.0,0.0,0.0,0,1500,0,1,PID_ATTITUDE
PD,31885381709300,764900,PITCH,-0.8,-0.95,-0.8,0.0,0.0,0.0,0.0,0,1500,0,1,PID_ATTITUDE
PD,31885491420400,765000,PITCH,-0.79,-0.95,-0.79,0.0,0.0,0.0,0.0,0,1500,0,1,PID_ATTITUDE
PD,31885584958600,765100,PITCH,-0.78,-0.97,-0.82,0.0,0.0,0.0,0.0,0,1500,0,1,PID_ATTITUDE
PD,31885678654500,765200,PITCH,-0.8,-0.97,-0.82,0.0,0.0,0.0,0.0,0,1500,0,1,PID_ATTITUDE
PD,31885787524900,765300,PITCH,-0.8,-0.96,-0.81,0.0,0.0,0.0,0.0,0,1500,0,1,PID_ATTITUDE
PD,31885880031500,765400,PITCH,-0.8,-0.96,-0.81,0.0,0.0,0.0,0.0,0,1500,0,1,PID_ATTITUDE
PD,31885989166100,765500,PITCH,-0.81,-0.96,-0.81,0.0,0.0,0.0,0.0,0,1500,0,1,PID_ATTITUDE
PD,31886030700600,765600,PITCH,-0.82,-0.96,-0.81,0.0,0.0,0.0,0.0,0,1500,0,1,PID_ATTITUDE
PD,31886190386300,765700,PITCH,-0.82,-0.96,-0.81,0.0,0.0,0.0,0.0,0,1500,0,1,PID_ATTITUDE
PD,31886283139800,765800,PITCH,-0.82,-0.95,-0.8,0.0,0.0,0.0,0.0,0,1500,0,1,PID_ATTITUDE
PD,31886376465900,765900,PITCH,-0.82,-0.97,-0.81,0.0,0.0,0.0,0.0,0,1500,0,1,PID_ATTITUDE
PD,31886485577300,766000,PITCH,-0.82,-0.95,-0.8,0.0,0.0,0.0,0.0,0,1500,0,1,PID_ATTITUDE
PD,31886579435500,766100,PITCH,-0.82,-0.94,-0.79,0.0,0.0,0.0,0.0,0,1500,0,1,PID_ATTITUDE
PD,31886689346700,766200,PITCH,-0.82,-0.95,-0.8,0.0,0.0,0.0,0.0,0,1500,0,1,PID_ATTITUDE
PD,31886782144900,766300,PITCH,-0.83,-0.93,-0.78,0.0,0.0,0.0,0.0,0,1500,0,1,PID_ATTITUDE
PD,31886876153800,766400,PITCH,-0.82,-0.93,-0.77,0.0,0.0,0.0,0.0,0,1500,0,1,PID_ATTITUDE
PD,31886985090500,766500,PITCH,-0.82,-0.92,-0.77,0.0,0.0,0.0,0.0,0,1500,0,1,PID_ATTITUDE
PD,31887030637500,766600,PITCH,-0.82,-0.92,-0.77,0.0,0.0,0.0,0.0,0,1500,0,1,PID_ATTITUDE
PD,31887184402300,766700,PITCH,-0.8,-0.93,-0.78,0.0,0.0,0.0,0.0,0,1500,0,1,PID_ATTITUDE
PD,31887280262000,766800,PITCH,-0.81,-0.93,-0.78,0.0,0.0,0.0,0.0,0,1500,0,1,PID_ATTITUDE
PD,31887389063800,766900,PITCH,-0.81,-0.93,-0.78,0.0,0.0,0.0,0.0,0,1500,0,1,PID_ATTITUDE
PD,31887483477400,767000,PITCH,-0.8,-0.94,-0.79,0.0,0.0,0.0,0.0,0,1500,0,1,PID_ATTITUDE
PD,31887577628800,767100,PITCH,-0.81,-0.95,-0.8,0.0,0.0,0.0,0.0,0,1500,0,1,PID_ATTITUDE
PD,31887686824000,767200,PITCH,-0.81,-0.95,-0.8,0.0,0.0,0.0,0.0,0,1500,0,1,PID_ATTITUDE
PD,31887780822500,767300,PITCH,-0.81,-0.94,-0.79,0.0,0.0,0.0,0.0,0,1500,0,1,PID_ATTITUDE
PD,31887890598700,767400,PITCH,-0.82,-0.95,-0.8,0.0,0.0,0.0,0.0,0,1500,0,1,PID_ATTITUDE
PD,31887983710700,767500,PITCH,-0.83,-0.95,-0.8,0.0,0.0,0.0,0.0,0,1500,0,1,PID_ATTITUDE
PD,31888030385700,767600,PITCH,-0.84,-0.97,-0.82,0.0,0.0,0.0,0.0,0,1500,0,1,PID_ATTITUDE
PD,31888186205000,767700,PITCH,-0.83,-0.95,-0.8,0.0,0.0,0.0,0.0,0,1500,0,1,PID_ATTITUDE
PD,31888279034400,767800,PITCH,-0.84,-0.96,-0.81,0.0,0.0,0.0,0.0,0,1500,0,1,PID_ATTITUDE
PD,31888387574700,767900,PITCH,-0.85,-0.95,-0.8,0.0,0.0,0.0,0.0,0,1500,0,1,PID_ATTITUDE
PD,31888481410200,768000,PITCH,-0.84,-0.96,-0.81,0.0,0.0,0.0,0.0,0,1500,0,1,PID_ATTITUDE
PD,31888589649600,768100,PITCH,-0.82,-0.96,-0.82,0.0,0.0,0.0,0.0,0,1500,0,1,PID_ATTITUDE
PD,31888683255400,768200,PITCH,-0.83,-0.97,-0.82,0.0,0.0,0.0,0.0,0,1500,0,1,PID_ATTITUDE
PD,31888777440400,768300,PITCH,-0.82,-0.97,-0.82,0.0,0.0,0.0,0.0,0,1500,0,1,PID_ATTITUDE
PD,31888885223200,768400,PITCH,-0.82,-0.97,-0.82,0.0,0.0,0.0,0.0,0,1500,0,1,PID_ATTITUDE
PD,31888979554400,768500,PITCH,-0.82,-0.96,-0.81,0.0,0.0,0.0,0.0,0,1500,0,1,PID_ATTITUDE
PD,31889030239100,768600,PITCH,-0.82,-0.96,-0.81,0.0,0.0,0.0,0.0,0,1500,0,1,PID_ATTITUDE
PD,31889183367500,768700,PITCH,-0.82,-0.96,-0.81,0.0,0.0,0.0,0.0,0,1500,0,1,PID_ATTITUDE
PD,31889290925700,768800,PITCH,-0.82,-0.97,-0.82,0.0,0.0,0.0,0.0,0,1500,0,1,PID_ATTITUDE
PD,31889383189900,768900,PITCH,-0.83,-0.97,-0.83,0.0,0.0,0.0,0.0,0,1500,0,1,PID_ATTITUDE
PD,31889476373000,769000,PITCH,-0.83,-0.97,-0.81,0.0,0.0,0.0,0.0,0,1500,0,1,PID_ATTITUDE
PD,31889585669000,769100,PITCH,-0.83,-0.96,-0.81,0.0,0.0,0.0,0.0,0,1500,0,1,PID_ATTITUDE
PD,31889678514100,769200,PITCH,-0.82,-0.96,-0.81,0.0,0.0,0.0,0.0,0,1500,0,1,PID_ATTITUDE
PD,31889788687400,769300,PITCH,-0.82,-0.97,-0.82,0.0,0.0,0.0,0.0,0,1500,0,1,PID_ATTITUDE
PD,31889881484200,769400,PITCH,-0.81,-0.97,-0.83,0.0,0.0,0.0,0.0,0,1500,0,1,PID_ATTITUDE
PD,31889988769800,769500,PITCH,-0.8,-0.97,-0.82,0.0,0.0,0.0,0.0,0,1500,0,1,PID_ATTITUDE
PD,31890030069800,769600,PITCH,-0.82,-0.98,-0.83,0.0,0.0,0.0,0.0,0,1500,0,1,PID_ATTITUDE
PD,31890176332000,769700,PITCH,-0.81,-0.99,-0.84,0.0,0.0,0.0,0.0,0,1500,0,1,PID_ATTITUDE
PD,31890286367800,769800,PITCH,-0.82,-0.98,-0.83,0.0,0.0,0.0,0.0,0,1500,0,1,PID_ATTITUDE
PD,31890378782100,769900,PITCH,-0.82,-0.99,-0.84,0.0,0.0,0.0,0.0,0,1500,0,1,PID_ATTITUDE
PD,31890487271100,770000,PITCH,-0.81,-0.98,-0.83,0.0,0.0,0.0,0.0,0,1500,0,1,PID_ATTITUDE
PD,31890579362600,770100,PITCH,-0.82,-0.97,-0.82,0.0,0.0,0.0,0.0,0,1500,0,1,PID_ATTITUDE
PD,31890688482500,770200,PITCH,-0.82,-0.97,-0.82,0.0,0.0,0.0,0.0,0,1500,0,1,PID_ATTITUDE
PD,31890781520100,770300,PITCH,-0.81,-0.97,-0.82,0.0,0.0,0.0,0.0,0,1500,0,1,PID_ATTITUDE
PD,31890890735100,770400,PITCH,-0.81,-0.97,-0.82,0.0,0.0,0.0,0.0,0,1500,0,1,PID_ATTITUDE
PD,31890984557000,770500,PITCH,-0.83,-0.96,-0.81,0.0,0.0,0.0,0.0,0,1500,0,1,PID_ATTITUDE
PD,31891029936400,770600,PITCH,-0.84,-0.95,-0.8,0.0,0.0,0.0,0.0,0,1500,0,1,PID_ATTITUDE
PD,31891186947800,770700,PITCH,-0.82,-0.95,-0.81,0.0,0.0,0.0,0.0,0,1500,0,1,PID_ATTITUDE
PD,31891279307100,770800,PITCH,-0.84,-0.94,-0.78,0.0,0.0,0.0,0.0,0,1500,0,1,PID_ATTITUDE
PD,31891387144700,770900,PITCH,-0.84,-0.94,-0.79,0.0,0.0,0.0,0.0,0,1500,0,1,PID_ATTITUDE
PD,31891481630500,771000,PITCH,-0.84,-0.94,-0.79,0.0,0.0,0.0,0.0,0,1500,0,1,PID_ATTITUDE
PD,31891575377200,771100,PITCH,-0.83,-0.96,-0.81,0.0,0.0,0.0,0.0,0,1500,0,1,PID_ATTITUDE
PD,31891684982500,771200,PITCH,-0.84,-0.96,-0.81,0.0,0.0,0.0,0.0,0,1500,0,1,PID_ATTITUDE
PD,31891778364800,771300,PITCH,-0.83,-0.96,-0.81,0.0,0.0,0.0,0.0,0,1500,0,1,PID_ATTITUDE
PD,31891887836000,771400,PITCH,-0.83,-0.95,-0.79,0.0,0.0,0.0,0.0,0,1500,0,1,PID_ATTITUDE
PD,31891981130500,771500,PITCH,-0.82,-0.94,-0.79,0.0,0.0,0.0,0.0,0,1500,0,1,PID_ATTITUDE
PD,31892029591800,771600,PITCH,-0.83,-0.98,-0.84,0.0,0.0,0.0,0.0,0,1500,0,1,PID_ATTITUDE
PD,31892183395100,771700,PITCH,-0.83,-0.94,-0.8,0.0,0.0,0.0,0.0,0,1500,0,1,PID_ATTITUDE
PD,31892277321800,771800,PITCH,-0.81,-0.93,-0.78,0.0,0.0,0.0,0.0,0,1500,0,1,PID_ATTITUDE
PD,31892385468300,771900,PITCH,-0.82,-0.93,-0.79,0.0,0.0,0.0,0.0,0,1500,0,1,PID_ATTITUDE
PD,31892479093200,772000,PITCH,-0.82,-0.93,-0.78,0.0,0.0,0.0,0.0,0,1500,0,1,PID_ATTITUDE
PD,31892588402700,772100,PITCH,-0.81,-0.94,-0.79,0.0,0.0,0.0,0.0,0,1500,0,1,PID_ATTITUDE
PD,31892682053300,772200,PITCH,-0.81,-0.94,-0.79,0.0,0.0,0.0,0.0,0,1500,0,1,PID_ATTITUDE
PD,31892790003900,772300,PITCH,-0.81,-0.93,-0.78,0.0,0.0,0.0,0.0,0,1500,0,1,PID_ATTITUDE
PD,31892883987400,772400,PITCH,-0.81,-0.93,-0.79,0.0,0.0,0.0,0.0,0,1500,0,1,PID_ATTITUDE
PD,31892977248400,772500,PITCH,-0.8,-0.94,-0.79,0.0,0.0,0.0,0.0,0,1500,0,1,PID_ATTITUDE
PD,31893029641400,772600,PITCH,-0.8,-0.97,-0.82,0.0,0.0,0.0,0.0,0,1500,0,1,PID_ATTITUDE
PD,31893179260400,772700,PITCH,-0.81,-0.95,-0.8,0.0,0.0,0.0,0.0,0,1500,0,1,PID_ATTITUDE
PD,31893288829800,772800,PITCH,-0.81,-0.94,-0.79,0.0,0.0,0.0,0.0,0,1500,0,1,PID_ATTITUDE
PD,31893381639600,772900,PITCH,-0.81,-0.94,-0.79,0.0,0.0,0.0,0.0,0,1500,0,1,PID_ATTITUDE
PD,31893489669600,773000,PITCH,-0.81,-0.93,-0.78,0.0,0.0,0.0,0.0,0,1500,0,1,PID_ATTITUDE
PD,31893582176700,773100,PITCH,-0.79,-0.93,-0.78,0.0,0.0,0.0,0.0,0,1500,0,1,PID_ATTITUDE
PD,31893676897200,773200,PITCH,-0.8,-0.92,-0.77,0.0,0.0,0.0,0.0,0,1500,0,1,PID_ATTITUDE
PD,31893785537600,773300,PITCH,-0.81,-0.93,-0.78,0.0,0.0,0.0,0.0,0,1500,0,1,PID_ATTITUDE
PD,31893877963800,773400,PITCH,-0.81,-0.94,-0.79,0.0,0.0,0.0,0.0,0,1500,0,1,PID_ATTITUDE
PD,31893986623300,773500,PITCH,-0.79,-0.94,-0.78,0.0,0.0,0.0,0.0,0,1500,0,1,PID_ATTITUDE
PD,31894029541400,773600,PITCH,-0.76,-0.82,-0.68,0.0,0.0,0.0,0.0,0,1500,0,1,PID_ATTITUDE
PD,31894189212900,773700,PITCH,-0.96,-0.77,-0.59,0.0,0.0,0.0,0.0,0,1500,0,1,PID_ATTITUDE
PD,31894282017100,773800,PITCH,-2.14,-0.51,-0.39,0.0,0.0,0.0,0.0,0,1500,0,1,PID_ATTITUDE
PD,31894390272000,773900,PITCH,-7.4,-0.53,-0.23,0.0,0.0,0.0,0.0,0,1500,0,1,PID_ATTITUDE
PD,31894483741900,774000,PITCH,-16.78,1.2,1.35,1.35,1.35,0.0,-0.171,1,1501,0,0,PID_ATTITUDE
PD,31894578118900,774100,PITCH,-25.22,2.11,2.39,2.39,2.39,0.0,-0.565,2,1502,0,0,PID_ATTITUDE
PD,31894686220200,774200,PITCH,-29.76,3.04,3.22,3.22,3.22,0.0,-0.357,3,1503,0,0,PID_ATTITUDE
PD,31894779553200,774300,PITCH,-30.3,2.9,3.01,3.01,3.01,0.0,0.107,3,1503,0,0,PID_ATTITUDE
PD,31894888839200,774400,PITCH,-25.93,2.57,2.62,2.62,2.62,0.0,0.227,3,1503,0,0,PID_ATTITUDE
PD,31894981888800,774500,PITCH,-16.72,1.35,1.41,1.41,1.41,0.0,0.507,2,1502,0,0,PID_ATTITUDE
PD,31895129318000,774700,PITCH,-1.89,-0.7,-0.75,0.0,0.0,0.0,0.0,0,1500,0,1,PID_ATTITUDE
PD,31895277625000,774800,PITCH,-1.09,-0.72,-0.53,0.0,0.0,0.0,0.0,0,1500,0,1,PID_ATTITUDE
PD,31895385935700,774900,PITCH,-1.2,-0.61,-0.46,0.0,0.0,0.0,0.0,0,1500,0,1,PID_ATTITUDE
PD,31895478504900,775000,PITCH,-1.2,-0.66,-0.53,0.0,0.0,0.0,0.0,0,1500,0,1,PID_ATTITUDE
PD,31895587234500,775100,PITCH,-1.18,-0.77,-0.63,0.0,0.0,0.0,0.0,0,1500,0,1,PID_ATTITUDE
PD,31895679026900,775200,PITCH,-1.17,-0.86,-0.72,0.0,0.0,0.0,0.0,0,1500,0,1,PID_ATTITUDE
PD,31895787755200,775300,PITCH,-1.15,-0.93,-0.79,0.0,0.0,0.0,0.0,0,1500,0,1,PID_ATTITUDE
PD,31895882155700,775400,PITCH,-1.13,-0.98,-0.84,0.0,0.0,0.0,0.0,0,1500,0,1,PID_ATTITUDE
PD,31895976727900,775500,PITCH,-1.12,-1.03,-0.89,0.0,0.0,0.0,0.0,0,1500,0,1,PID_ATTITUDE
PD,31896085484000,775600,PITCH,-0.3,-1.77,-1.67,-1.67,-1.67,0.0,0.305,-1,1499,0,0,PID_ATTITUDE
PD,31896129519000,775700,PITCH,-0.91,-1.81,-1.66,-1.66,-1.66,0.0,0.053,-2,1498,0,0,PID_ATTITUDE
PD,31896289071300,775800,PITCH,-1.15,-1.79,-1.63,-1.63,-1.63,0.0,-0.022,-2,1498,0,0,PID_ATTITUDE
PD,31896383595900,775900,PITCH,-1.06,-1.9,-1.86,-1.86,-1.86,0.0,0.212,-2,1498,0,0,PID_ATTITUDE
PD,31896476727500,776000,PITCH,0.35,-2.58,-2.48,-2.48,-2.48,0.0,0.242,-2,1498,0,0,PID_ATTITUDE
PD,31896584517200,776100,PITCH,2.82,-4.57,-4.7,-4.7,-4.7,0.0,1.154,-4,1496,0,0,PID_ATTITUDE
PD,31896677971700,776200,PITCH,7.1,-5.04,-4.69,-4.69,-4.69,0.0,-0.241,-5,1495,0,0,PID_ATTITUDE
PD,31896786947100,776300,PITCH,14.64,-2.78,-2.34,-2.34,-2.34,0.0,-1.143,-3,1497,0,0,PID_ATTITUDE
PD,31896987776200,776500,PITCH,22.52,0.78,0.99,0.0,0.0,0.0,0.0,0,1500,0,1,PID_ATTITUDE
PD,31897080330500,776600,PITCH,25.59,1.39,1.51,1.51,1.51,0.0,-0.128,1,1501,0,0,PID_ATTITUDE
PD,31897188350100,776700,PITCH,24.66,-1.32,-1.86,-1.86,-1.86,0.0,0.69,-1,1499,0,0,PID_ATTITUDE
PD,31897229359800,776800,PITCH,23.06,-12.47,-13.61,-13.61,-13.61,0.0,5.652,-8,1492,0,0,PID_ATTITUDE
PD,31897389764000,776900,PITCH,20.1,-25.66,-26.72,-26.72,-26.72,0.0,6.381,-10,1490,1,0,PID_ATTITUDE
PD,31897482461500,777000,PITCH,15.97,-36.23,-36.96,-36.96,-36.96,0.0,4.99,-10,1490,1,0,PID_ATTITUDE
PD,31897576496100,777100,PITCH,13.91,-45.37,-45.97,-45.97,-45.97,0.0,4.329,-10,1490,1,0,PID_ATTITUDE
PD,31897684544400,777200,PITCH,12.52,-52.12,-52.37,-52.37,-52.37,0.0,2.971,-10,1490,1,0,PID_ATTITUDE
PD,31897779152600,777300,PITCH,10.71,-52.8,-52.22,-52.22,-52.22,0.0,-0.487,-10,1490,1,0,PID_ATTITUDE
PD,31897886341400,777400,PITCH,10.03,-44.94,-43.59,-43.59,-43.59,0.0,-4.531,-10,1490,1,0,PID_ATTITUDE
PD,31897978474400,777500,PITCH,8.29,-30.81,-29.14,-29.14,-29.14,0.0,-7.107,-10,1490,1,0,PID_ATTITUDE
PD,31898087271100,777600,PITCH,5.52,-14.17,-12.27,-12.27,-12.27,0.0,-8.504,-10,1490,1,0,PID_ATTITUDE
PD,31898180586600,777700,PITCH,2.86,-3.48,-2.79,-2.79,-2.79,0.0,-4.278,-7,1493,0,0,PID_ATTITUDE
PD,31898328875200,777900,PITCH,0.66,-0.7,-0.54,0.0,0.0,0.0,0.0,0,1500,0,1,PID_ATTITUDE
PD,31898475992300,778000,PITCH,0.35,-0.7,-0.56,0.0,0.0,0.0,0.0,0,1500,0,1,PID_ATTITUDE
PD,31898586319800,778100,PITCH,0.12,-0.79,-0.65,0.0,0.0,0.0,0.0,0,1500,0,1,PID_ATTITUDE
PD,31898678994900,778200,PITCH,-0.08,-0.87,-0.72,0.0,0.0,0.0,0.0,0,1500,0,1,PID_ATTITUDE
PD,31898788860300,778300,PITCH,-0.28,-0.93,-0.8,0.0,0.0,0.0,0.0,0,1500,0,1,PID_ATTITUDE
REVERSE,32018768913100,898300,PITCH,-1.04,-2.24,0.03,0.0,0.0,0.0,0.0,0,1500,0,1,PID_ATTITUDE
REVERSE,32018861662300,898400,PITCH,-1.0,-2.17,0.1,0.0,0.0,0.0,0.0,0,1500,0,1,PID_ATTITUDE
REVERSE,32018970040300,898500,PITCH,-1.03,-2.21,0.04,0.0,0.0,0.0,0.0,0,1500,0,1,PID_ATTITUDE
REVERSE,32019063261600,898600,PITCH,-1.06,-2.24,0.02,0.0,0.0,0.0,0.0,0,1500,0,1,PID_ATTITUDE
REVERSE,32019156223500,898700,PITCH,-1.06,-2.23,0.03,0.0,0.0,0.0,0.0,0,1500,0,1,PID_ATTITUDE
REVERSE,32019266709700,898800,PITCH,-1.06,-2.24,0.02,0.0,0.0,0.0,0.0,0,1500,0,1,PID_ATTITUDE
REVERSE,32019360194900,898900,PITCH,-1.06,-2.25,0.01,0.0,0.0,0.0,0.0,0,1500,0,1,PID_ATTITUDE
REVERSE,32019468935800,899000,PITCH,-1.08,-2.25,0.01,0.0,0.0,0.0,0.0,0,1500,0,1,PID_ATTITUDE
REVERSE,32019562416300,899100,PITCH,-1.09,-2.25,0.01,0.0,0.0,0.0,0.0,0,1500,0,1,PID_ATTITUDE
REVERSE,32019610296200,899200,PITCH,-1.09,-2.25,0.02,0.0,0.0,0.0,0.0,0,1500,0,1,PID_ATTITUDE
REVERSE,32019763822000,899300,PITCH,-1.09,-2.24,0.02,0.0,0.0,0.0,0.0,0,1500,0,1,PID_ATTITUDE
REVERSE,32019856429900,899400,PITCH,-1.09,-2.25,0.0,0.0,0.0,0.0,0.0,0,1500,0,1,PID_ATTITUDE
REVERSE,32019964369100,899500,PITCH,-1.1,-2.27,-0.01,0.0,0.0,0.0,0.0,0,1500,0,1,PID_ATTITUDE
REVERSE,32020058421500,899600,PITCH,-1.09,-2.27,-0.01,0.0,0.0,0.0,0.0,0,1500,0,1,PID_ATTITUDE
REVERSE,32020168213800,899700,PITCH,-1.09,-2.27,-0.01,0.0,0.0,0.0,0.0,0,1500,0,1,PID_ATTITUDE
REVERSE,32020261463600,899800,PITCH,-1.26,-1.87,0.45,0.0,0.0,0.0,0.0,0,1500,0,1,PID_ATTITUDE
REVERSE,32020369735600,899900,PITCH,-1.34,-1.69,0.53,0.0,0.0,0.0,0.0,0,1500,0,1,PID_ATTITUDE
REVERSE,32020463197600,900000,PITCH,-1.19,-2.09,0.15,0.0,0.0,0.0,0.0,0,1500,0,1,PID_ATTITUDE
REVERSE,32020556505800,900100,PITCH,-1.16,-2.17,0.09,0.0,0.0,0.0,0.0,0,1500,0,1,PID_ATTITUDE
REVERSE,32020610130500,900200,PITCH,-1.16,-2.2,0.06,0.0,0.0,0.0,0.0,0,1500,0,1,PID_ATTITUDE
REVERSE,32020757785900,900300,PITCH,-1.15,-2.22,0.03,0.0,0.0,0.0,0.0,0,1500,0,1,PID_ATTITUDE
REVERSE,32020865973100,900400,PITCH,-1.16,-2.2,0.07,0.0,0.0,0.0,0.0,0,1500,0,1,PID_ATTITUDE
REVERSE,32020959743700,900500,PITCH,-1.19,-2.07,0.18,0.0,0.0,0.0,0.0,0,1500,0,1,PID_ATTITUDE
REVERSE,32021066576500,900600,PITCH,-1.13,-2.2,0.05,0.0,0.0,0.0,0.0,0,1500,0,1,PID_ATTITUDE
REVERSE,32021160567400,900700,PITCH,-1.13,-2.22,0.04,0.0,0.0,0.0,0.0,0,1500,0,1,PID_ATTITUDE
REVERSE,32021255749000,900800,PITCH,-1.21,-2.03,0.29,0.0,0.0,0.0,0.0,0,1500,0,1,PID_ATTITUDE
REVERSE,32021363497500,900900,PITCH,-1.4,-1.54,0.74,0.0,0.0,0.0,0.0,0,1500,0,1,PID_ATTITUDE
REVERSE,32021457278600,901000,PITCH,-1.46,-1.44,0.82,0.0,0.0,0.0,0.0,0,1500,0,1,PID_ATTITUDE
REVERSE,32021564309900,901100,PITCH,-1.48,-1.34,0.92,0.0,0.0,0.0,0.0,0,1500,0,1,PID_ATTITUDE
REVERSE,32021610104500,901200,PITCH,-1.44,-1.39,0.87,0.0,0.0,0.0,0.0,0,1500,0,1,PID_ATTITUDE
REVERSE,32021766551800,901300,PITCH,-1.42,-1.42,0.84,0.0,0.0,0.0,0.0,0,1500,0,1,PID_ATTITUDE
REVERSE,32021860113700,901400,PITCH,-1.41,-1.43,0.82,0.0,0.0,0.0,0.0,0,1500,0,1,PID_ATTITUDE
REVERSE,32021969569800,901500,PITCH,-1.38,-1.57,0.66,0.0,0.0,0.0,0.0,0,1500,0,1,PID_ATTITUDE
REVERSE,32022062405300,901600,PITCH,-1.26,-1.98,0.24,0.0,0.0,0.0,0.0,0,1500,0,1,PID_ATTITUDE
REVERSE,32022155307100,901700,PITCH,-1.2,-2.23,0.01,0.0,0.0,0.0,0.0,0,1500,0,1,PID_ATTITUDE
REVERSE,32022264162800,901800,PITCH,-1.18,-2.32,-0.07,0.0,0.0,0.0,0.0,0,1500,0,1,PID_ATTITUDE
REVERSE,32022358177300,901900,PITCH,-1.19,-2.29,-0.02,0.0,0.0,0.0,0.0,0,1500,0,1,PID_ATTITUDE
REVERSE,32022468471700,902000,PITCH,-1.17,-2.25,0.02,0.0,0.0,0.0,0.0,0,1500,0,1,PID_ATTITUDE
REVERSE,32022561622800,902100,PITCH,-1.18,-2.15,0.11,0.0,0.0,0.0,0.0,0,1500,0,1,PID_ATTITUDE
REVERSE,32022609790200,902200,PITCH,-1.16,-2.17,0.09,0.0,0.0,0.0,0.0,0,1500,0,1,PID_ATTITUDE
REVERSE,32022763464100,902300,PITCH,-1.15,-2.24,-0.02,0.0,0.0,0.0,0.0,0,1500,0,1,PID_ATTITUDE
REVERSE,32022857398700,902400,PITCH,-1.06,-6.61,-5.37,-5.37,-5.37,0.0,2.83,-3,1503,0,0,PID_ATTITUDE
REVERSE,32023060458700,902600,PITCH,-1.59,-26.05,-24.56,-24.56,-24.56,0.0,3.914,-10,1510,1,0,PID_ATTITUDE
REVERSE,32023168352900,902700,PITCH,-1.79,-32.47,-30.83,-30.83,-30.83,0.0,3.155,-10,1510,1,0,PID_ATTITUDE
REVERSE,32023261489800,902800,PITCH,-2.18,-38.12,-36.34,-36.34,-36.34,0.0,2.644,-10,1510,1,0,PID_ATTITUDE
REVERSE,32023356016200,902900,PITCH,-2.6,-42.47,-40.48,-40.48,-40.48,0.0,1.913,-10,1510,1,0,PID_ATTITUDE
REVERSE,32023465423200,903000,PITCH,-2.55,-44.58,-42.59,-42.59,-42.59,0.0,1.241,-10,1510,1,0,PID_ATTITUDE
REVERSE,32023559006700,903100,PITCH,-2.52,-45.67,-43.37,-43.37,-43.37,0.0,0.24,-10,1510,1,0,PID_ATTITUDE
REVERSE,32023657536700,903200,PITCH,-2.36,-44.61,-41.75,-41.75,-41.75,0.0,-1.137,-10,1510,1,0,PID_ATTITUDE
REVERSE,32023809660600,903400,PITCH,-4.54,-19.16,-40.85,0.0,0.0,0.0,0.0,0,1510,0,1,DISABLED
REVERSE,32023963475000,903500,PITCH,-3.63,-10.72,-40.85,0.0,0.0,0.0,0.0,0,1510,0,1,DISABLED
REVERSE,32024058056500,903600,PITCH,-2.23,-8.87,-40.85,0.0,0.0,0.0,0.0,0,1510,0,1,DISABLED
REVERSE,32024166039300,903700,PITCH,-1.55,-7.38,-40.85,0.0,0.0,0.0,0.0,0,1510,0,1,DISABLED
REVERSE,32024258949600,903800,PITCH,-2.15,-5.96,-40.85,0.0,0.0,0.0,0.0,0,1510,0,1,DISABLED
REVERSE,32024367762300,903900,PITCH,-2.72,-4.66,-40.85,0.0,0.0,0.0,0.0,0,1510,0,1,DISABLED
REVERSE,32024461482100,904000,PITCH,-2.8,-3.79,-40.85,0.0,0.0,0.0,0.0,0,1510,0,1,DISABLED
REVERSE,32024569811800,904100,PITCH,-3.49,-0.43,-40.85,0.0,0.0,0.0,0.0,0,1510,0,1,DISABLED
REVERSE,32024662973700,904200,PITCH,-3.73,8.7,-40.85,0.0,0.0,0.0,0.0,0,1510,0,1,DISABLED
REVERSE,32024756855500,904300,PITCH,-3.45,20.98,-40.85,0.0,0.0,0.0,0.0,0,1510,0,1,DISABLED
REVERSE,32024809531700,904400,PITCH,-3.7,32.43,-40.85,0.0,0.0,0.0,0.0,0,1510,0,1,DISABLED
REVERSE,32024960634500,904500,PITCH,-4.34,41.67,-40.85,0.0,0.0,0.0,0.0,0,1510,0,1,DISABLED
REVERSE,32025068674900,904600,PITCH,-5.14,37.39,-40.85,0.0,0.0,0.0,0.0,0,1510,0,1,DISABLED
REVERSE,32025162279800,904700,PITCH,-4.72,22.74,-40.85,0.0,0.0,0.0,0.0,0,1510,0,1,DISABLED
REVERSE,32025256050100,904800,PITCH,-4.43,10.58,-40.85,0.0,0.0,0.0,0.0,0,1510,0,1,DISABLED
REVERSE,32025364996300,904900,PITCH,-4.36,4.55,-40.85,0.0,0.0,0.0,0.0,0,1510,0,1,DISABLED
REVERSE,32025459075600,905000,PITCH,-4.21,-0.8,-40.85,0.0,0.0,0.0,0.0,0,1510,0,1,DISABLED
REVERSE,32025567802900,905100,PITCH,-4.1,-1.27,-40.85,0.0,0.0,0.0,0.0,0,1510,0,1,DISABLED
REVERSE,32025660336200,905200,PITCH,-4.08,-1.06,-40.85,0.0,0.0,0.0,0.0,0,1510,0,1,DISABLED
REVERSE,32025755167600,905300,PITCH,-4.05,-0.81,-40.85,0.0,0.0,0.0,0.0,0,1510,0,1,DISABLED
REVERSE,32025809163600,905400,PITCH,-2.83,-1.63,-40.85,0.0,0.0,0.0,0.0,0,1510,0,1,DISABLED
REVERSE,32025957157500,905500,PITCH,2.61,-4.65,-40.85,0.0,0.0,0.0,0.0,0,1510,0,1,DISABLED
REVERSE,32026065809900,905600,PITCH,9.64,-6.46,-40.85,0.0,0.0,0.0,0.0,0,1510,0,1,DISABLED
REVERSE,32026158862700,905700,PITCH,15.85,-7.49,-40.85,0.0,0.0,0.0,0.0,0,1510,0,1,DISABLED
REVERSE,32026268460500,905800,PITCH,20.37,-6.17,-40.85,0.0,0.0,0.0,0.0,0,1510,0,1,DISABLED
REVERSE,32026361425600,905900,PITCH,22.74,-3.75,-40.85,0.0,0.0,0.0,0.0,0,1510,0,1,DISABLED
REVERSE,32026469428000,906000,PITCH,25.28,-2.58,-40.85,0.0,0.0,0.0,0.0,0,1510,0,1,DISABLED
REVERSE,32026561735300,906100,PITCH,24.78,0.48,-40.85,0.0,0.0,0.0,0.0,0,1510,0,1,DISABLED
REVERSE,32026655992500,906200,PITCH,21.61,3.3,-40.85,0.0,0.0,0.0,0.0,0,1510,0,1,DISABLED
REVERSE,32026764687400,906300,PITCH,14.86,4.69,-40.85,0.0,0.0,0.0,0.0,0,1510,0,1,DISABLED
REVERSE,32026809029400,906400,PITCH,4.77,5.6,-40.85,0.0,0.0,0.0,0.0,0,1510,0,1,DISABLED
REVERSE,32026967006800,906500,PITCH,-6.28,5.03,-40.85,0.0,0.0,0.0,0.0,0,1510,0,1,DISABLED
REVERSE,32027058492800,906600,PITCH,-8.34,1.15,-40.85,0.0,0.0,0.0,0.0,0,1510,0,1,DISABLED
REVERSE,32027167549200,906700,PITCH,-8.03,-0.28,-40.85,0.0,0.0,0.0,0.0,0,1510,0,1,DISABLED
REVERSE,32027261781500,906800,PITCH,-8.77,0.06,-40.85,0.0,0.0,0.0,0.0,0,1510,0,1,DISABLED
REVERSE,32027356565800,906900,PITCH,-10.25,0.55,-40.85,0.0,0.0,0.0,0.0,0,1510,0,1,DISABLED
REVERSE,32027466480700,907000,PITCH,-16.98,0.75,-40.85,0.0,0.0,0.0,0.0,0,1510,0,1,DISABLED
REVERSE,32027560086200,907100,PITCH,-25.29,0.75,-40.85,0.0,0.0,0.0,0.0,0,1510,0,1,DISABLED
REVERSE,32027668154300,907200,PITCH,-28.84,1.8,-40.85,0.0,0.0,0.0,0.0,0,1510,0,1,DISABLED
REVERSE,32027760430000,907300,PITCH,-23.58,0.84,-40.85,0.0,0.0,0.0,0.0,0,1510,0,1,DISABLED
REVERSE,32027808978200,907400,PITCH,-13.18,0.07,-40.85,0.0,0.0,0.0,0.0,0,1510,0,1,DISABLED
REVERSE,32027964385100,907500,PITCH,-4.19,-0.16,-40.85,0.0,0.0,0.0,0.0,0,1510,0,1,DISABLED
REVERSE,32028058011000,907600,PITCH,-3.21,-0.06,-40.85,0.0,0.0,0.0,0.0,0,1510,0,1,DISABLED
REVERSE,32028166384200,907700,PITCH,-3.33,0.21,-40.85,0.0,0.0,0.0,0.0,0,1510,0,1,DISABLED
REVERSE,32028258357800,907800,PITCH,-5.4,0.56,-40.85,0.0,0.0,0.0,0.0,0,1510,0,1,DISABLED
REVERSE,32028367536300,907900,PITCH,-15.84,0.73,-40.85,0.0,0.0,0.0,0.0,0,1510,0,1,DISABLED
REVERSE,32028462447800,908000,PITCH,-23.02,0.52,-40.85,0.0,0.0,0.0,0.0,0,1510,0,1,DISABLED
REVERSE,32028555468100,908100,PITCH,-13.81,-0.01,-40.85,0.0,0.0,0.0,0.0,0,1510,0,1,DISABLED
REVERSE,32028664174000,908200,PITCH,-3.9,0.39,-40.85,0.0,0.0,0.0,0.0,0,1510,0,1,DISABLED
REVERSE,32028757317800,908300,PITCH,-2.77,0.51,-40.85,0.0,0.0,0.0,0.0,0,1510,0,1,DISABLED
REVERSE,32028808547300,908400,PITCH,-2.88,0.53,-40.85,0.0,0.0,0.0,0.0,0,1510,0,1,DISABLED
REVERSE,32028960993300,908500,PITCH,-3.06,0.52,-40.85,0.0,0.0,0.0,0.0,0,1510,0,1,DISABLED
REVERSE,32029055283300,908600,PITCH,-3.23,0.51,-40.85,0.0,0.0,0.0,0.0,0,1510,0,1,DISABLED
REVERSE,32029164772500,908700,PITCH,-3.37,0.51,-40.85,0.0,0.0,0.0,0.0,0,1510,0,1,DISABLED
REVERSE,32029258314000,908800,PITCH,-3.49,0.5,-40.85,0.0,0.0,0.0,0.0,0,1510,0,1,DISABLED
REVERSE,32029366410200,908900,PITCH,-3.59,0.5,-40.85,0.0,0.0,0.0,0.0,0,1510,0,1,DISABLED
REVERSE,32029458813900,909000,PITCH,-3.66,0.49,-40.85,0.0,0.0,0.0,0.0,0,1510,0,1,DISABLED
REVERSE,32029566710700,909100,PITCH,-3.73,0.49,-40.85,0.0,0.0,0.0,0.0,0,1510,0,1,DISABLED
REVERSE,32029658917100,909200,PITCH,-3.79,0.49,-40.85,0.0,0.0,0.0,0.0,0,1510,0,1,DISABLED
REVERSE,32029767689300,909300,PITCH,-3.83,0.5,-40.85,0.0,0.0,0.0,0.0,0,1510,0,1,DISABLED
REVERSE,32029808713500,909400,PITCH,-3.86,0.49,-40.85,0.0,0.0,0.0,0.0,0,1510,0,1,DISABLED
REVERSE,32029969020200,909500,PITCH,-3.89,0.48,-40.85,0.0,0.0,0.0,0.0,0,1510,0,1,DISABLED
REVERSE,32030062937700,909600,PITCH,-3.91,0.49,-40.85,0.0,0.0,0.0,0.0,0,1510,0,1,DISABLED
REVERSE,32030156752100,909700,PITCH,-3.92,0.49,-40.85,0.0,0.0,0.0,0.0,0,1510,0,1,DISABLED
REVERSE,32030264657500,909800,PITCH,-3.94,0.5,-40.85,0.0,0.0,0.0,0.0,0,1510,0,1,DISABLED
REVERSE,32030358640700,909900,PITCH,-3.95,0.5,-40.85,0.0,0.0,0.0,0.0,0,1510,0,1,DISABLED
REVERSE,32030468738300,910000,PITCH,-3.96,0.51,-40.85,0.0,0.0,0.0,0.0,0,1510,0,1,DISABLED
REVERSE,32030561452700,910100,PITCH,-3.98,0.52,-40.85,0.0,0.0,0.0,0.0,0,1510,0,1,DISABLED
REVERSE,32030657061900,910200,PITCH,-5.13,0.78,-40.85,0.0,0.0,0.0,0.0,0,1510,0,1,DISABLED
REVERSE,32030766186200,910300,PITCH,-10.75,0.56,-40.85,0.0,0.0,0.0,0.0,0,1510,0,1,DISABLED
REVERSE,32030808476500,910400,PITCH,-14.96,0.6,-40.85,0.0,0.0,0.0,0.0,0,1510,0,1,DISABLED
REVERSE,32030954251000,910500,PITCH,-9.16,0.1,-40.85,0.0,0.0,0.0,0.0,0,1510,0,1,DISABLED
REVERSE,32031064332500,910600,PITCH,-3.45,0.63,-40.85,0.0,0.0,0.0,0.0,0,1510,0,1,DISABLED
REVERSE,32031158124300,910700,PITCH,-2.93,0.74,-40.85,0.0,0.0,0.0,0.0,0,1510,0,1,DISABLED
REVERSE,32031266700600,910800,PITCH,-2.87,-0.09,-40.85,0.0,0.0,0.0,0.0,0,1510,0,1,DISABLED
REVERSE,32031359988400,910900,PITCH,-3.0,-11.66,-40.85,0.0,0.0,0.0,0.0,0,1510,0,1,DISABLED
REVERSE,32031467859200,911000,PITCH,-2.98,-17.38,-40.85,0.0,0.0,0.0,0.0,0,1510,0,1,DISABLED
REVERSE,32031562406000,911100,PITCH,0.19,-23.03,-40.85,0.0,0.0,0.0,0.0,0,1510,0,1,DISABLED
REVERSE,32031656010400,911200,PITCH,0.12,-21.85,-40.85,0.0,0.0,0.0,0.0,0,1510,0,1,DISABLED
REVERSE,32031765001800,911300,PITCH,-3.08,-12.93,-40.85,0.0,0.0,0.0,0.0,0,1510,0,1,DISABLED
REVERSE,32031808300300,911400,PITCH,-4.64,-0.99,-40.85,0.0,0.0,0.0,0.0,0,1510,0,1,DISABLED
REVERSE,32031967184300,911500,PITCH,-4.21,1.26,-40.85,0.0,0.0,0.0,0.0,0,1510,0,1,DISABLED
REVERSE,32032061231100,911600,PITCH,-4.09,1.39,-40.85,0.0,0.0,0.0,0.0,0,1510,0,1,DISABLED
REVERSE,32032156070400,911700,PITCH,-4.06,1.28,-40.85,0.0,0.0,0.0,0.0,0,1510,0,1,DISABLED
REVERSE,32032263863300,911800,PITCH,-4.06,1.16,-40.85,0.0,0.0,0.0,0.0,0,1510,0,1,DISABLED
REVERSE,32032357194700,911900,PITCH,-4.05,1.08,-40.85,0.0,0.0,0.0,0.0,0,1510,0,1,DISABLED
REVERSE,32032466745600,912000,PITCH,-4.04,1.0,-40.85,0.0,0.0,0.0,0.0,0,1510,0,1,DISABLED
REVERSE,32032560417200,912100,PITCH,-4.03,0.94,-40.85,0.0,0.0,0.0,0.0,0,1510,0,1,DISABLED
REVERSE,32032668772400,912200,PITCH,-4.03,0.89,-40.85,0.0,0.0,0.0,0.0,0,1510,0,1,DISABLED
REVERSE,32032763463600,912300,PITCH,-4.04,0.85,-40.85,0.0,0.0,0.0,0.0,0,1510,0,1,DISABLED
REVERSE,32032808123800,912400,PITCH,-4.03,0.81,-40.85,0.0,0.0,0.0,0.0,0,1510,0,1,DISABLED
REVERSE,32032964857100,912500,PITCH,-4.04,0.79,-40.85,0.0,0.0,0.0,0.0,0,1510,0,1,DISABLED
REVERSE,32033058832300,912600,PITCH,-4.03,0.77,-40.85,0.0,0.0,0.0,0.0,0,1510,0,1,DISABLED
REVERSE,32033166411100,912700,PITCH,-4.03,0.75,-40.85,0.0,0.0,0.0,0.0,0,1510,0,1,DISABLED
REVERSE,32033260334500,912800,PITCH,-4.03,0.73,-40.85,0.0,0.0,0.0,0.0,0,1510,0,1,DISABLED
REVERSE,32033353605400,912900,PITCH,-4.03,0.71,-40.85,0.0,0.0,0.0,0.0,0,1510,0,1,DISABLED
REVERSE,32033462975100,913000,PITCH,-4.03,0.7,-40.85,0.0,0.0,0.0,0.0,0,1510,0,1,DISABLED
REVERSE,32033555217000,913100,PITCH,-4.02,0.69,-40.85,0.0,0.0,0.0,0.0,0,1510,0,1,DISABLED
REVERSE,32033664774800,913200,PITCH,-4.01,0.71,-40.85,0.0,0.0,0.0,0.0,0,1510,0,1,DISABLED
REVERSE,32033756304900,913300,PITCH,-4.01,0.71,-40.85,0.0,0.0,0.0,0.0,0,1510,0,1,DISABLED
REVERSE,32033808000200,913400,PITCH,-4.02,0.69,-40.85,0.0,0.0,0.0,0.0,0,1510,0,1,DISABLED
REVERSE,32033955622100,913500,PITCH,-4.02,0.68,-40.85,0.0,0.0,0.0,0.0,0,1510,0,1,DISABLED
REVERSE,32034063774200,913600,PITCH,-4.02,0.65,-40.85,0.0,0.0,0.0,0.0,0,1510,0,1,DISABLED
REVERSE,32034156593500,913700,PITCH,-4.02,0.65,-40.85,0.0,0.0,0.0,0.0,0,1510,0,1,DISABLED
REVERSE,32034265191600,913800,PITCH,-4.02,0.66,-40.85,0.0,0.0,0.0,0.0,0,1510,0,1,DISABLED
REVERSE,32034358757700,913900,PITCH,-4.02,0.65,-40.85,0.0,0.0,0.0,0.0,0,1510,0,1,DISABLED
REVERSE,32034467527800,914000,PITCH,-4.01,0.66,-40.85,0.0,0.0,0.0,0.0,0,1510,0,1,DISABLED
REVERSE,32034562083600,914100,PITCH,-4.01,0.67,-40.85,0.0,0.0,0.0,0.0,0,1510,0,1,DISABLED
REVERSE,32034656110200,914200,PITCH,-4.03,0.7,-40.85,0.0,0.0,0.0,0.0,0,1510,0,1,DISABLED
REVERSE,32034764598100,914300,PITCH,-4.02,0.62,-40.85,0.0,0.0,0.0,0.0,0,1510,0,1,DISABLED
REVERSE,32034808077600,914400,PITCH,-4.04,0.42,-40.85,0.0,0.0,0.0,0.0,0,1510,0,1,DISABLED
REVERSE,32034965541400,914500,PITCH,-4.13,0.24,-40.85,0.0,0.0,0.0,0.0,0,1510,0,1,DISABLED
REVERSE,32035059436000,914600,PITCH,-4.09,-1.12,-40.85,0.0,0.0,0.0,0.0,0,1510,0,1,DISABLED
REVERSE,32035168377600,914700,PITCH,-4.07,-0.19,-40.85,0.0,0.0,0.0,0.0,0,1510,0,1,DISABLED
REVERSE,32035261184700,914800,PITCH,-4.05,0.16,-40.85,0.0,0.0,0.0,0.0,0,1510,0,1,DISABLED
REVERSE,32035355854700,914900,PITCH,-4.0,0.16,-40.85,0.0,0.0,0.0,0.0,0,1510,0,1,DISABLED
REVERSE,32035463883100,915000,PITCH,-4.07,0.23,-40.85,0.0,0.0,0.0,0.0,0,1510,0,1,DISABLED
REVERSE,32035557751400,915100,PITCH,-3.65,0.42,-40.85,0.0,0.0,0.0,0.0,0,1510,0,1,DISABLED
REVERSE,32035665831100,915200,PITCH,0.06,-0.42,-40.85,0.0,0.0,0.0,0.0,0,1510,0,1,DISABLED
REVERSE,32035758763300,915300,PITCH,2.49,0.23,-40.85,0.0,0.0,0.0,0.0,0,1510,0,1,DISABLED
REVERSE,32035807510300,915400,PITCH,0.03,-0.52,-40.85,0.0,0.0,0.0,0.0,0,1510,0,1,DISABLED
REVERSE,32035958885200,915500,PITCH,-0.78,-0.32,-40.85,0.0,0.0,0.0,0.0,0,1510,0,1,DISABLED
REVERSE,32036067051000,915600,PITCH,-0.24,-0.55,-40.85,0.0,0.0,0.0,0.0,0,1510,0,1,DISABLED
REVERSE,32036159984300,915700,PITCH,-2.38,-2.54,-40.85,0.0,0.0,0.0,0.0,0,1510,0,1,DISABLED
REVERSE,32036267666700,915800,PITCH,-4.04,-3.66,-40.85,0.0,0.0,0.0,0.0,0,1510,0,1,DISABLED
REVERSE,32036360011700,915900,PITCH,-3.4,-4.49,-40.85,0.0,0.0,0.0,0.0,0,1510,0,1,DISABLED
REVERSE,32036468455400,916000,PITCH,-2.85,-5.46,-40.85,0.0,0.0,0.0,0.0,0,1510,0,1,DISABLED
REVERSE,32036559790900,916100,PITCH,-3.31,-5.95,-40.85,0.0,0.0,0.0,0.0,0,1510,0,1,DISABLED
REVERSE,32036668677900,916200,PITCH,0.17,-4.16,-40.85,0.0,0.0,0.0,0.0,0,1510,0,1,DISABLED
REVERSE,32036761095200,916300,PITCH,0.32,-3.88,-40.85,0.0,0.0,0.0,0.0,0,1510,0,1,DISABLED
REVERSE,32036807617900,916400,PITCH,0.49,-3.56,-40.85,0.0,0.0,0.0,0.0,0,1510,0,1,DISABLED
REVERSE,32036963771300,916500,PITCH,0.38,-2.9,-40.85,0.0,0.0,0.0,0.0,0,1510,0,1,DISABLED
REVERSE,32037058416500,916600,PITCH,0.52,-3.37,-40.85,0.0,0.0,0.0,0.0,0,1510,0,1,DISABLED
REVERSE,32037168403100,916700,PITCH,0.39,-2.79,-40.85,0.0,0.0,0.0,0.0,0,1510,0,1,DISABLED
REVERSE,32037261493000,916800,PITCH,0.51,-2.92,-40.85,0.0,0.0,0.0,0.0,0,1510,0,1,DISABLED
REVERSE,32037354371700,916900,PITCH,0.54,-3.04,-40.85,0.0,0.0,0.0,0.0,0,1510,0,1,DISABLED
REVERSE,32037463166600,917000,PITCH,0.41,-1.34,-40.85,0.0,0.0,0.0,0.0,0,1510,0,1,DISABLED
REVERSE,32037556603800,917100,PITCH,0.29,0.47,-40.85,0.0,0.0,0.0,0.0,0,1510,0,1,DISABLED
REVERSE,32037666124200,917200,PITCH,0.22,1.13,-40.85,0.0,0.0,0.0,0.0,0,1510,0,1,DISABLED
REVERSE,32037760134700,917300,PITCH,0.09,1.58,-40.85,0.0,0.0,0.0,0.0,0,1510,0,1,DISABLED
REVERSE,32037807372600,917400,PITCH,-0.03,1.46,-40.85,0.0,0.0,0.0,0.0,0,1510,0,1,DISABLED
REVERSE,32037962139700,917500,PITCH,-0.28,1.47,-40.85,0.0,0.0,0.0,0.0,0,1510,0,1,DISABLED
REVERSE,32038055563500,917600,PITCH,-0.54,1.4,-40.85,0.0,0.0,0.0,0.0,0,1510,0,1,DISABLED
REVERSE,32038164911600,917700,PITCH,-0.57,1.42,-40.85,0.0,0.0,0.0,0.0,0,1510,0,1,DISABLED
REVERSE,32038257767800,917800,PITCH,-0.78,1.19,-40.85,0.0,0.0,0.0,0.0,0,1510,0,1,DISABLED
REVERSE,32038367111900,917900,PITCH,-0.64,1.0,-40.85,0.0,0.0,0.0,0.0,0,1510,0,1,DISABLED
REVERSE,32038458617300,918000,PITCH,-0.73,1.2,-40.85,0.0,0.0,0.0,0.0,0,1510,0,1,DISABLED
REVERSE,32038567031700,918100,PITCH,-2.27,0.72,-40.85,0.0,0.0,0.0,0.0,0,1510,0,1,DISABLED
REVERSE,32038660422600,918200,PITCH,-3.68,0.16,-40.85,0.0,0.0,0.0,0.0,0,1510,0,1,DISABLED
